Player,Team,position,game_id,game_date,home_team,away_team,G,A1,A2,PTS,PrPTS,GS,SOG,eGF,eGA,GF.,PPG,PPA1,PPA2,SHG,SHA1,SHA2,FOW,FOL,PIM,Blk,TO,SV,GA
Alyssa Gagliardi,BOS,D,18507433,2017-11-04,BOS,CTW,0,0,0,0,0,0.22,2,0,0,NA,0,0,0,0,0,0,0,0,0,1,0,0,0
Cydney Roesler,CTW,D,18507433,2017-11-04,BOS,CTW,0,0,0,0,0,0.04999999999999999,2,0,0,NA,0,0,0,0,0,0,0,0,2,1,1,0,0
Elena Orlando,CTW,D,18507433,2017-11-04,BOS,CTW,0,0,1,1,0,0.64,0,1,0,1,0,0,1,0,0,0,0,0,0,4,1,0,0
Jordan Brickner,CTW,D,18507433,2017-11-04,BOS,CTW,0,0,0,0,0,0,0,0,0,NA,0,0,0,0,0,0,0,0,0,1,0,0,0
Kaliya Johnson,BOS,D,18507433,2017-11-04,BOS,CTW,0,0,0,0,0,0,0,0,1,0,0,0,0,0,0,0,0,0,0,3,0,0,0
Kaliya Johnson,CTW,D,18507433,2017-11-04,BOS,CTW,0,0,0,0,0,0,0,0,1,0,0,0,0,0,0,0,0,0,0,3,0,0,0
Lexi Bender,BOS,D,18507433,2017-11-04,BOS,CTW,0,0,0,0,0,0.22,2,0,1,0,0,0,0,0,0,0,0,0,0,1,0,0,0
Marissa Gedman,BOS,D,18507433,2017-11-04,BOS,CTW,0,0,0,0,0,0,0,0,0,NA,0,0,0,0,0,0,0,0,0,1,1,0,0
Meagan Mangene,CTW,D,18507433,2017-11-04,BOS,CTW,0,1,0,1,1,1.08,4,0,0,NA,0,1,0,0,0,0,0,0,0,1,0,0,0
Paige Harrington,BOS,D,18507433,2017-11-04,BOS,CTW,0,0,0,0,0,-0.34,0,0,0,NA,0,0,0,0,0,0,0,0,4,1,0,0,0
Rachael Ade,CTW,D,18507433,2017-11-04,BOS,CTW,0,0,0,0,0,0.11,1,0,0,NA,0,0,0,0,0,0,0,0,0,1,0,0,0
Shannon Doyle,CTW,D,18507433,2017-11-04,BOS,CTW,0,1,0,1,1,0.64,0,0,0,NA,0,1,0,0,0,0,0,0,0,1,0,0,0
Amanda Boulier,CTW,D|F,18507433,2017-11-04,BOS,CTW,0,0,0,0,0,0.11,1,1,0,1,0,0,0,0,0,0,0,0,0,0,0,0,0
Meagan Mangene,BOS,D|F,18507433,2017-11-04,BOS,CTW,0,1,0,1,1,1.08,4,0,0,NA,0,1,0,0,0,0,0,0,0,1,0,0,0
Dana Trivigno,BOS,F,18507433,2017-11-04,BOS,CTW,0,0,0,0,0,1.42,2,0,1,0,0,0,0,0,0,0,14,4,0,0,0,0,0
Dana Trivigno,CTW,F,18507433,2017-11-04,BOS,CTW,0,0,0,0,0,1.42,2,0,1,0,0,0,0,0,0,0,14,4,0,0,0,0,0
Emily Field,BOS,F,18507433,2017-11-04,BOS,CTW,0,0,0,0,0,0.27,4,0,0,NA,0,0,0,0,0,0,0,0,2,0,0,0,0
Emily Fluke,CTW,F,18507433,2017-11-04,BOS,CTW,1,0,0,1,1,1.33,3,1,0,1,0,0,0,0,0,0,0,0,0,0,0,0,0
Grace Klienbach,CTW,F,18507433,2017-11-04,BOS,CTW,0,0,0,0,0,0,0,0,0,NA,0,0,0,0,0,0,0,0,0,1,0,0,0
Haley Skarupa,BOS,F,18507433,2017-11-04,BOS,CTW,0,0,1,1,0,0.63,1,0,1,0,0,0,1,0,0,0,0,1,0,0,0,0,0
Haley Skarupa,CTW,F,18507433,2017-11-04,BOS,CTW,0,0,1,1,0,0.63,1,0,1,0,0,0,1,0,0,0,0,1,0,0,0,0,0
Heather  Schwarz,BOS,F,18507433,2017-11-04,BOS,CTW,1,0,0,1,1,1.55,5,0,0,NA,1,0,0,0,0,0,0,0,0,0,0,0,0
Jamie Goldsmith,CTW,F,18507433,2017-11-04,BOS,CTW,1,0,0,1,1,-0.45999999999999996,2,0,0,NA,1,0,0,0,0,0,1,15,0,1,0,0,0
Janine Weber,BOS,F,18507433,2017-11-04,BOS,CTW,0,0,0,0,0,1.29,3,0,0,NA,0,0,0,0,0,0,13,5,0,0,1,0,0
Jillian Dempsey,BOS,F,18507433,2017-11-04,BOS,CTW,0,0,0,0,0,0.45,3,0,0,NA,0,0,0,0,0,0,6,5,0,4,0,0,0
Jordan Smelker,BOS,F,18507433,2017-11-04,BOS,CTW,0,0,0,0,0,-0.06000000000000001,1,0,1,0,0,0,0,0,0,0,0,0,2,1,0,0,0
Juana Baribeau,CTW,F,18507433,2017-11-04,BOS,CTW,0,0,0,0,0,0.44,4,0,0,NA,0,0,0,0,0,0,0,0,0,1,0,0,0
Kathryn Tomaselli,BOS,F,18507433,2017-11-04,BOS,CTW,0,0,0,0,0,0.11,1,0,0,NA,0,0,0,0,0,0,0,0,0,1,1,0,0
Kelly Babstock,CTW,F,18507433,2017-11-04,BOS,CTW,0,1,0,1,1,1.5299999999999998,9,1,0,1,0,0,0,0,0,0,12,10,4,0,1,0,0
Sam Faber,CTW,F,18507433,2017-11-04,BOS,CTW,0,0,0,0,0,-0.12,0,0,0,NA,0,0,0,0,0,0,0,1,0,0,1,0,0
Stephanie  Mock,CTW,F,18507433,2017-11-04,BOS,CTW,0,0,0,0,0,-0.49,1,0,0,NA,0,0,0,0,0,0,1,6,0,0,0,0,0
Anya Battaglino ,CTW,F|D,18507433,2017-11-04,BOS,CTW,0,0,0,0,0,0,0,1,0,1,0,0,0,0,0,0,0,0,0,0,0,0,0
Brittany Ott,BOS,G,18507433,2017-11-04,BOS,CTW,0,0,0,0,0,1.2200000000000002,0,0,0,NA,0,0,0,0,0,0,0,0,0,0,0,23,2
Sydney Rossman,CTW,G,18507433,2017-11-04,BOS,CTW,0,0,0,0,0,2.9200000000000004,0,0,0,NA,0,0,0,0,0,0,0,0,0,0,0,28,1
Alyssa Gagliardi,BOS,D,18507435,2017-12-03,BOS,BUF,2,1,0,3,3,2.6900000000000004,2,0,0,NA,1,1,0,0,0,0,0,0,2,0,0,0,0
Colleen  Murphy,BUF,D,18507435,2017-12-03,BOS,BUF,0,0,0,0,0,-0.06000000000000001,1,0,0,NA,0,0,0,0,0,0,0,0,2,1,0,0,0
Jacquie Greco,BUF,D,18507435,2017-12-03,BOS,BUF,0,0,0,0,0,0.11,1,0,0,NA,0,0,0,0,0,0,0,0,0,1,0,0,0
Jordyn Burns,BUF,D,18507435,2017-12-03,BOS,BUF,0,0,0,0,0,0,0,0,0,NA,0,0,0,0,0,0,0,0,0,2,0,0,0
Lexi Bender,BOS,D,18507435,2017-12-03,BOS,BUF,0,0,0,0,0,-0.06000000000000001,1,0,0,NA,0,0,0,0,0,0,0,0,2,1,0,0,0
Marissa Gedman,BOS,D,18507435,2017-12-03,BOS,BUF,0,0,0,0,0,0,0,0,0,NA,0,0,0,0,0,0,0,0,0,2,0,0,0
Paige Harrington,BOS,D,18507435,2017-12-03,BOS,BUF,0,0,0,0,0,0.11,1,0,0,NA,0,0,0,0,0,0,0,0,0,0,0,0,0
Paige Harrington,BUF,D,18507435,2017-12-03,BOS,BUF,0,0,0,0,0,0.11,1,0,0,NA,0,0,0,0,0,0,0,0,0,0,0,0,0
Sarah  Edney,BUF,D,18507435,2017-12-03,BOS,BUF,1,0,0,1,1,0.9400000000000001,1,0,0,NA,0,0,0,0,0,0,0,0,2,0,0,0,0
Meagan Mangene,BOS,D|F,18507435,2017-12-03,BOS,BUF,0,0,0,0,0,0.11,1,0,0,NA,0,0,0,0,0,0,0,0,0,0,0,0,0
Corey  Stearns,BOS,F,18507435,2017-12-03,BOS,BUF,0,0,0,0,0,0.59,1,0,0,NA,0,0,0,0,0,0,12,8,0,0,0,0,0
Corinne Buie,BUF,F,18507435,2017-12-03,BOS,BUF,0,0,1,1,0,0.63,1,0,0,NA,0,0,1,0,0,0,0,1,0,0,0,0,0
Dana Trivigno,BOS,F,18507435,2017-12-03,BOS,BUF,0,0,0,0,0,-0.18,1,0,0,NA,0,0,0,0,0,0,0,1,2,0,0,0,0
Emily Field,BOS,F,18507435,2017-12-03,BOS,BUF,0,0,1,1,0,0.75,1,0,0,NA,0,0,1,0,0,0,0,0,0,0,0,0,0
Hayley  Scamurra,BUF,F,18507435,2017-12-03,BOS,BUF,0,0,0,0,0,-0.18,1,0,0,NA,0,0,0,0,0,0,0,1,2,0,0,0,0
Janine Weber,BOS,F,18507435,2017-12-03,BOS,BUF,0,1,0,1,1,1.29,2,0,0,NA,0,0,0,0,0,0,8,3,2,0,0,0,0
Jess Jones,BUF,F,18507435,2017-12-03,BOS,BUF,0,0,0,0,0,0.33999999999999997,2,0,0,NA,0,0,0,0,0,0,1,0,0,0,0,0,0
Jillian Dempsey,BOS,F,18507435,2017-12-03,BOS,BUF,0,1,0,1,1,0.9600000000000001,4,0,0,NA,0,1,0,0,0,0,10,11,0,0,0,0,0
Jordan Smelker,BOS,F,18507435,2017-12-03,BOS,BUF,1,0,0,1,1,1.11,1,0,0,NA,1,0,0,0,0,0,0,0,0,0,0,0,0
Katherine Donohue,BUF,F,18507435,2017-12-03,BOS,BUF,0,0,0,0,0,-0.25,1,0,0,NA,0,0,0,0,0,0,1,4,0,0,0,0,0
Kathryn Tomaselli,BOS,F,18507435,2017-12-03,BOS,BUF,0,0,1,1,0,0.75,1,0,0,NA,0,0,0,0,0,0,1,1,0,0,1,0,0
Kaylyn  Schroka,BUF,F,18507435,2017-12-03,BOS,BUF,0,1,0,1,1,0.97,3,0,0,NA,0,1,0,0,0,0,0,0,0,0,0,0,0
Kristin Lewicki,BUF,F,18507435,2017-12-03,BOS,BUF,0,0,0,0,0,-0.009999999999999995,1,0,0,NA,0,0,0,0,0,0,10,11,0,0,0,0,0
Mary Parker,BOS,F,18507435,2017-12-03,BOS,BUF,0,0,0,0,0,0.33,3,0,0,NA,0,0,0,0,0,0,0,0,0,0,0,0,0
Michaela Levine,BOS,F,18507435,2017-12-03,BOS,BUF,0,0,0,0,0,0.11,1,0,0,NA,0,0,0,0,0,0,0,0,0,0,0,0,0
Rebecca  Vint,BUF,F,18507435,2017-12-03,BOS,BUF,1,0,0,1,1,0.8099999999999999,2,0,0,NA,1,0,0,0,0,0,8,10,2,1,0,0,0
Taylor Accursi,BUF,F,18507435,2017-12-03,BOS,BUF,0,0,0,0,0,0.11,1,0,0,NA,0,0,0,0,0,0,4,4,0,0,0,0,0
Amanda Leveille,BUF,G,18507435,2017-12-03,BOS,BUF,0,0,0,0,0,1.62,0,0,0,NA,0,0,0,0,0,0,0,0,0,0,0,33,3
Brittany Ott,BOS,G,18507435,2017-12-03,BOS,BUF,0,0,0,0,0,1.7800000000000002,0,0,0,NA,0,0,0,0,0,0,0,0,0,0,0,27,2
 Kelsey  Koelzer,MET,D,18507437,2017-12-17,BOS,MET,0,0,1,1,0,0.75,1,1,0,1,0,0,1,0,0,0,0,0,0,0,0,0,0
Alyssa Gagliardi,BOS,D,18507437,2017-12-17,BOS,MET,0,0,0,0,0,-0.010000000000000009,3,0,0,NA,0,0,0,0,0,0,0,0,4,0,0,0,0
Ashley Johnston,MET,D,18507437,2017-12-17,BOS,MET,0,0,0,0,0,0,0,0,1,0,0,0,0,0,0,0,0,0,0,0,0,0,0
Courtney Burke,MET,D,18507437,2017-12-17,BOS,MET,0,1,0,1,1,1.3,6,1,1,0.5,0,1,0,0,0,0,0,0,0,0,0,0,0
Jenny Ryan,MET,D,18507437,2017-12-17,BOS,MET,1,0,0,1,1,1.22,2,1,1,0.5,1,0,0,0,0,0,0,0,0,0,0,0,0
Kaliya Johnson,BOS,D,18507437,2017-12-17,BOS,MET,0,0,0,0,0,0.11,1,1,1,0.5,0,0,0,0,0,0,0,0,0,0,0,0,0
Kiira Dosdall,MET,D,18507437,2017-12-17,BOS,MET,0,0,0,0,0,0.33,3,1,1,0.5,0,0,0,0,0,0,0,0,0,1,0,0,0
Lexi Bender,BOS,D,18507437,2017-12-17,BOS,MET,0,0,0,0,0,0,0,0,0,NA,0,0,0,0,0,0,0,0,0,1,0,0,0
Marissa Gedman,BOS,D,18507437,2017-12-17,BOS,MET,0,0,0,0,0,0.11,1,1,1,0.5,0,0,0,0,0,0,0,0,0,0,0,0,0
Michelle Picard,MET,D,18507437,2017-12-17,BOS,MET,0,0,1,1,0,0.64,0,0,0,NA,0,0,0,0,0,0,0,0,0,1,0,0,0
Paige Harrington,BOS,D,18507437,2017-12-17,BOS,MET,0,0,1,1,0,0.47,0,1,1,0.5,0,0,0,0,0,0,0,0,2,2,0,0,0
Rebecca Morse,MET,D,18507437,2017-12-17,BOS,MET,0,0,0,0,0,0.1,2,0,0,NA,0,0,0,0,0,0,0,1,0,0,0,0,0
Meagan Mangene,BOS,D|F,18507437,2017-12-17,BOS,MET,1,0,0,1,1,1.1600000000000001,3,1,1,0.5,0,0,0,0,0,0,0,0,2,0,0,0,0
Alexa Gruschow,MET,F,18507437,2017-12-17,BOS,MET,1,1,0,2,2,2.3000000000000003,1,2,1,0.6666666666666666,0,0,0,0,0,0,12,6,2,2,0,0,0
Bray Ketchum,MET,F,18507437,2017-12-17,BOS,MET,0,1,1,2,1,1.4400000000000002,3,2,0,1,0,0,0,0,0,0,0,0,2,0,0,0,0
Corey  Stearns,BOS,F,18507437,2017-12-17,BOS,MET,0,1,0,1,1,0.28,0,1,1,0.5,0,0,0,0,0,0,6,9,0,0,0,0,0
Emily Field,BOS,F,18507437,2017-12-17,BOS,MET,0,0,0,0,0,-0.009999999999999995,1,0,1,0,0,0,0,0,0,0,0,1,0,0,0,0,0
Erika  Lawler,MET,F,18507437,2017-12-17,BOS,MET,1,0,0,1,1,0.93,2,0,1,0,1,0,0,0,0,0,9,10,2,0,0,0,0
Harrison Browne,MET,F,18507437,2017-12-17,BOS,MET,0,0,0,0,0,0,0,0,1,0,0,0,0,0,0,0,0,0,0,0,0,0,0
Heather  Schwarz,BOS,F,18507437,2017-12-17,BOS,MET,0,0,0,0,0,0.11,1,2,0,1,0,0,0,0,0,0,0,0,0,0,0,0,0
Janine Weber,BOS,F,18507437,2017-12-17,BOS,MET,1,0,0,1,1,0.8200000000000001,1,1,0,1,0,0,0,0,0,0,4,5,2,0,0,0,0
Janine Weber,MET,F,18507437,2017-12-17,BOS,MET,1,0,0,1,1,0.8200000000000001,1,1,0,1,0,0,0,0,0,0,4,5,2,0,0,0,0
Jillian Dempsey,BOS,F,18507437,2017-12-17,BOS,MET,0,0,0,0,0,0.8,4,0,1,0,0,0,0,0,0,0,14,11,0,2,0,0,0
Jordan Smelker,BOS,F,18507437,2017-12-17,BOS,MET,0,0,0,0,0,-0.06000000000000001,1,0,1,0,0,0,0,0,0,0,0,0,2,0,0,0,0
Kathryn Tomaselli,BOS,F,18507437,2017-12-17,BOS,MET,0,1,0,1,1,0.75,1,0,0,NA,0,0,0,0,0,0,0,0,0,0,0,0,0
Madison Packer,MET,F,18507437,2017-12-17,BOS,MET,0,1,0,1,1,1.2000000000000002,4,0,0,NA,0,1,0,0,0,0,1,0,0,0,0,0,0
Mary Parker,BOS,F,18507437,2017-12-17,BOS,MET,0,0,0,0,0,0.04999999999999999,2,1,1,0.5,0,0,0,0,0,0,0,0,2,0,0,0,0
Miye D'Oench,MET,F,18507437,2017-12-17,BOS,MET,1,0,0,1,1,1.21,3,2,1,0.6666666666666666,0,0,0,0,0,0,0,1,0,1,0,0,0
Rebecca Russo,MET,F,18507437,2017-12-17,BOS,MET,0,0,1,1,0,0.86,2,0,2,0,0,0,1,0,0,0,1,1,0,0,1,0,0
Tatiana Rafter,MET,F,18507437,2017-12-17,BOS,MET,0,0,0,0,0,-0.36,0,0,0,NA,0,0,0,0,0,0,3,6,0,0,0,0,0
Kaleigh Fratkin,BOS,F|D,18507437,2017-12-17,BOS,MET,0,0,0,0,0,-0.06000000000000001,1,1,1,0.5,0,0,0,0,0,0,0,0,2,2,0,0,0
Brittany Ott,BOS,G,18507437,2017-12-17,BOS,MET,0,0,0,0,0,0.4800000000000004,0,0,0,NA,0,0,0,0,0,0,0,0,0,0,0,32,4
Katie  Fitzgerald,MET,G,18507437,2017-12-17,BOS,MET,0,0,0,0,0,0.8000000000000003,0,0,0,NA,0,0,0,0,0,0,0,0,0,0,0,20,2
 Kelsey  Koelzer,MET,D,18507441,2018-01-21,BOS,MET,1,1,1,3,2,2.2800000000000002,0,1,0,1,0,0,0,0,1,0,0,0,0,4,0,0,0
Alyssa Gagliardi,BOS,D,18507441,2018-01-21,BOS,MET,0,0,0,0,0,-0.06000000000000001,1,0,1,0,0,0,0,0,0,0,0,0,2,4,1,0,0
Ashley Johnston,MET,D,18507441,2018-01-21,BOS,MET,0,0,0,0,0,-0.06000000000000001,1,1,0,1,0,0,0,0,0,0,0,0,2,2,0,0,0
Courtney Burke,MET,D,18507441,2018-01-21,BOS,MET,0,0,0,0,0,0,0,1,0,1,0,0,0,0,0,0,0,0,0,1,0,0,0
Jenny Ryan,MET,D,18507441,2018-01-21,BOS,MET,0,1,0,1,1,0.58,1,1,0,1,0,0,0,0,1,0,0,0,2,0,0,0,0
Kaliya Johnson,BOS,D,18507441,2018-01-21,BOS,MET,0,0,0,0,0,0.04999999999999999,2,0,0,NA,0,0,0,0,0,0,0,0,2,0,1,0,0
Kiira Dosdall,MET,D,18507441,2018-01-21,BOS,MET,0,1,0,1,1,0.75,1,1,0,1,0,0,0,0,0,0,0,0,0,1,1,0,0
Lexi Bender,BOS,D,18507441,2018-01-21,BOS,MET,0,0,0,0,0,0,0,0,1,0,0,0,0,0,0,0,0,0,0,0,0,0,0
Michelle Picard,MET,D,18507441,2018-01-21,BOS,MET,0,0,0,0,0,-0.34,0,1,0,1,0,0,0,0,0,0,0,0,4,1,1,0,0
Paige Harrington,BOS,D,18507441,2018-01-21,BOS,MET,0,0,0,0,0,0,0,0,2,0,0,0,0,0,0,0,0,0,0,0,2,0,0
Rebecca Morse,MET,D,18507441,2018-01-21,BOS,MET,1,0,0,1,1,1.05,2,0,0,NA,0,0,0,1,0,0,0,0,2,0,0,0,0
Meagan Mangene,BOS,D|F,18507441,2018-01-21,BOS,MET,0,0,0,0,0,-0.25,1,0,0,NA,0,0,0,0,0,0,1,4,0,1,0,0,0
Alexa Gruschow,MET,F,18507441,2018-01-21,BOS,MET,1,1,0,2,2,1.7600000000000002,0,2,0,1,0,0,0,1,0,0,14,13,0,0,0,0,0
Bray Ketchum,MET,F,18507441,2018-01-21,BOS,MET,0,0,0,0,0,0.33,3,0,0,NA,0,0,0,0,0,0,0,0,0,1,0,0,0
Corey  Stearns,BOS,F,18507441,2018-01-21,BOS,MET,0,0,0,0,0,0.09000000000000002,3,0,0,NA,0,0,0,0,0,0,6,8,0,0,0,0,0
Dana Trivigno,BOS,F,18507441,2018-01-21,BOS,MET,0,0,0,0,0,0.33999999999999997,2,0,2,0,0,0,0,0,0,0,3,2,0,2,0,0,0
Emily Field,BOS,F,18507441,2018-01-21,BOS,MET,0,0,0,0,0,0.33,3,0,2,0,0,0,0,0,0,0,0,0,0,0,0,0,0
Erika  Lawler,MET,F,18507441,2018-01-21,BOS,MET,0,0,0,0,0,0.2899999999999999,2,1,0,1,0,0,0,0,0,0,8,6,2,0,0,0,0
Harrison Browne,MET,F,18507441,2018-01-21,BOS,MET,1,0,0,1,1,1,0,1,0,1,0,0,0,0,0,0,0,0,0,0,0,0,0
Heather  Schwarz,BOS,F,18507441,2018-01-21,BOS,MET,0,0,0,0,0,-0.12,0,0,1,0,0,0,0,0,0,0,1,2,0,0,0,0,0
Janine Weber,BOS,F,18507441,2018-01-21,BOS,MET,0,0,0,0,0,0.33999999999999997,2,0,1,0,0,0,0,0,0,0,1,0,0,0,0,0,0
Janine Weber,MET,F,18507441,2018-01-21,BOS,MET,0,0,0,0,0,0.33999999999999997,2,0,1,0,0,0,0,0,0,0,1,0,0,0,0,0,0
Jillian Dempsey,BOS,F,18507441,2018-01-21,BOS,MET,1,0,0,1,1,1.09,3,0,2,0,0,0,0,0,0,0,9,11,0,0,1,0,0
Jordan Smelker,BOS,F,18507441,2018-01-21,BOS,MET,0,0,0,0,0,0.12,0,0,1,0,0,0,0,0,0,0,2,1,0,1,0,0,0
Kathryn Tomaselli,BOS,F,18507441,2018-01-21,BOS,MET,0,0,0,0,0,-0.12,0,0,0,NA,0,0,0,0,0,0,0,1,0,0,0,0,0
Lauren Wash,MET,F,18507441,2018-01-21,BOS,MET,0,0,0,0,0,0,0,0,0,NA,0,0,0,0,0,0,0,0,0,0,1,0,0
Madison Packer,MET,F,18507441,2018-01-21,BOS,MET,1,0,1,2,1,1.85,3,2,0,1,0,0,0,0,0,1,0,1,0,1,0,0,0
Mary Parker,BOS,F,18507441,2018-01-21,BOS,MET,0,1,0,1,1,0.62,2,0,0,NA,0,0,0,0,0,0,0,2,0,1,0,0,0
Rebecca Russo,MET,F,18507441,2018-01-21,BOS,MET,0,1,1,2,1,1.62,2,2,0,1,0,0,0,0,0,0,1,0,0,0,0,0,0
Tatiana Rafter,MET,F,18507441,2018-01-21,BOS,MET,0,0,0,0,0,0.71,1,0,0,NA,0,0,0,0,0,0,8,3,0,0,0,0,0
Kaleigh Fratkin,BOS,F|D,18507441,2018-01-21,BOS,MET,0,0,1,1,0,0.6299999999999999,3,0,2,0,0,0,0,0,0,0,0,0,4,0,0,0,0
Brittany Ott,BOS,G,18507441,2018-01-21,BOS,MET,0,0,0,0,0,-2.76,0,0,0,NA,0,0,0,0,0,0,0,0,0,0,0,16,5
Katie  Fitzgerald,MET,G,18507441,2018-01-21,BOS,MET,0,0,0,0,0,2.08,0,0,0,NA,0,0,0,0,0,0,0,0,0,0,0,22,1
Alyssa Gagliardi,BOS,D,18507444,2018-02-04,BOS,CTW,0,1,0,1,1,0.64,0,2,0,1,0,0,0,0,0,0,0,0,0,2,0,0,0
Cydney Roesler,CTW,D,18507444,2018-02-04,BOS,CTW,0,0,0,0,0,0,0,0,0,NA,0,0,0,0,0,0,0,0,0,3,0,0,0
Elizabeth  Parker,BOS,D,18507444,2018-02-04,BOS,CTW,0,0,0,0,0,0,0,0,0,NA,0,0,0,0,0,0,0,0,0,1,0,0,0
Emma Greco ,CTW,D,18507444,2018-02-04,BOS,CTW,0,0,0,0,0,0,0,1,0,1,0,0,0,0,0,0,0,0,0,3,0,0,0
Hanna  Beattie,CTW,D,18507444,2018-02-04,BOS,CTW,0,0,0,0,0,-0.85,1,1,0,1,0,0,0,0,0,0,3,11,0,0,0,0,0
Jordan Brickner,CTW,D,18507444,2018-02-04,BOS,CTW,1,0,0,1,1,1.11,1,1,0,1,0,0,0,0,0,0,0,0,0,0,0,0,0
Kaliya Johnson,BOS,D,18507444,2018-02-04,BOS,CTW,0,0,0,0,0,0,0,0,1,0,0,0,0,0,0,0,0,0,0,2,0,0,0
Kaliya Johnson,CTW,D,18507444,2018-02-04,BOS,CTW,0,0,0,0,0,0,0,0,1,0,0,0,0,0,0,0,0,0,0,2,0,0,0
Lexi Bender,BOS,D,18507444,2018-02-04,BOS,CTW,0,0,0,0,0,0.11,1,0,1,0,0,0,0,0,0,0,0,0,0,0,0,0,0
Meagan Mangene,CTW,D,18507444,2018-02-04,BOS,CTW,0,0,0,0,0,0.11,1,0,1,0,0,0,0,0,0,0,1,1,0,0,0,0,0
Paige Harrington,BOS,D,18507444,2018-02-04,BOS,CTW,0,0,0,0,0,0,0,0,1,0,0,0,0,0,0,0,0,0,0,0,0,0,0
Rachael Ade,CTW,D,18507444,2018-02-04,BOS,CTW,0,0,0,0,0,0,0,1,2,0.3333333333333333,0,0,0,0,0,0,0,0,0,0,0,0,0
Shannon Doyle,CTW,D,18507444,2018-02-04,BOS,CTW,0,0,1,1,0,0.75,1,1,2,0.3333333333333333,0,0,0,0,0,0,0,0,0,0,0,0,0
Meagan Mangene,BOS,D|F,18507444,2018-02-04,BOS,CTW,0,0,0,0,0,0.11,1,0,1,0,0,0,0,0,0,0,1,1,0,0,0,0,0
Corey  Stearns,BOS,F,18507444,2018-02-04,BOS,CTW,0,0,0,0,0,0,0,0,0,NA,0,0,0,0,0,0,3,3,0,1,1,0,0
Dana Trivigno,BOS,F,18507444,2018-02-04,BOS,CTW,0,0,0,0,0,1.05,3,0,1,0,0,0,0,0,0,0,12,6,0,0,0,0,0
Dana Trivigno,CTW,F,18507444,2018-02-04,BOS,CTW,0,0,0,0,0,1.05,3,0,1,0,0,0,0,0,0,0,12,6,0,0,0,0,0
Emily Field,BOS,F,18507444,2018-02-04,BOS,CTW,0,0,0,0,0,0.1,2,2,1,0.6666666666666666,0,0,0,0,0,0,0,1,0,1,0,0,0
Emily Fluke,CTW,F,18507444,2018-02-04,BOS,CTW,0,1,0,1,1,0.58,1,1,0,1,0,0,0,0,0,0,2,2,2,0,0,0,0
Grace Klienbach,CTW,F,18507444,2018-02-04,BOS,CTW,0,0,0,0,0,0.11,1,1,0,1,0,0,0,0,0,0,0,0,0,0,0,0,0
Heather  Schwarz,BOS,F,18507444,2018-02-04,BOS,CTW,0,0,0,0,0,-0.17,0,0,1,0,0,0,0,0,0,0,0,0,2,0,0,0,0
Jamie Goldsmith,CTW,F,18507444,2018-02-04,BOS,CTW,1,0,0,1,1,1.71,1,1,2,0.3333333333333333,0,0,0,0,0,0,8,3,0,1,0,0,0
Jillian Dempsey,BOS,F,18507444,2018-02-04,BOS,CTW,0,0,1,1,0,0.63,1,2,1,0.6666666666666666,0,0,0,0,0,0,10,11,0,1,0,0,0
Jordan Smelker,BOS,F,18507444,2018-02-04,BOS,CTW,0,0,0,0,0,-0.009999999999999995,1,0,1,0,0,0,0,0,0,0,0,1,0,0,0,0,0
Juana Baribeau,CTW,F,18507444,2018-02-04,BOS,CTW,0,0,0,0,0,-0.07,2,0,0,NA,0,0,0,0,0,0,3,4,2,0,0,0,0
Kaycie Anderson,CTW,F,18507444,2018-02-04,BOS,CTW,0,1,0,1,1,0.75,1,1,1,0.5,0,0,0,0,0,0,0,0,0,0,0,0,0
Mary Parker,BOS,F,18507444,2018-02-04,BOS,CTW,0,0,0,0,0,0.33,3,0,0,NA,0,0,0,0,0,0,0,0,0,0,0,0,0
Meghan   Huertas,CTW,F,18507444,2018-02-04,BOS,CTW,0,0,0,0,0,0.55,5,1,0,1,0,0,0,0,0,0,5,5,0,2,0,0,0
Sam Faber,CTW,F,18507444,2018-02-04,BOS,CTW,0,0,0,0,0,0.16999999999999996,2,0,1,0,0,0,0,0,0,0,1,0,2,0,0,0,0
Stephanie  Mock,CTW,F,18507444,2018-02-04,BOS,CTW,0,0,0,0,0,0.11,1,0,2,0,0,0,0,0,0,0,1,1,0,0,0,0,0
Sydney   Daniels,BOS,F,18507444,2018-02-04,BOS,CTW,2,0,0,2,2,2.33,3,2,1,0.6666666666666666,0,0,0,0,0,0,0,0,0,0,0,0,0
Kaleigh Fratkin,BOS,F|D,18507444,2018-02-04,BOS,CTW,0,1,0,1,1,0.35,2,2,0,1,0,0,0,0,0,0,0,0,6,2,0,0,0
Brittany Ott,BOS,G,18507444,2018-02-04,BOS,CTW,0,0,0,0,0,0.38000000000000034,0,0,0,NA,0,0,0,0,0,0,0,0,0,0,0,17,2
Sydney Rossman,CTW,G,18507444,2018-02-04,BOS,CTW,0,0,0,0,0,0.38000000000000034,0,0,0,NA,0,0,0,0,0,0,0,0,0,0,0,17,2
Alyssa Gagliardi,BOS,D,18507446,2018-02-18,BOS,BUF,0,0,0,0,0,0.33,3,2,0,1,0,0,0,0,0,0,0,0,0,0,0,0,0
Colleen  Murphy,BUF,D,18507446,2018-02-18,BOS,BUF,0,0,0,0,0,0.11,1,0,1,0,0,0,0,0,0,0,0,0,0,2,0,0,0
Jacquie Greco,BUF,D,18507446,2018-02-18,BOS,BUF,0,0,0,0,0,0,0,3,0,1,0,0,0,0,0,0,0,0,0,0,0,0,0
Jordyn Burns,BUF,D,18507446,2018-02-18,BOS,BUF,0,1,0,1,1,0.75,1,1,1,0.5,0,0,0,0,0,0,0,0,0,0,0,0,0
Kaliya Johnson,BOS,D,18507446,2018-02-18,BOS,BUF,0,0,0,0,0,0,0,0,1,0,0,0,0,0,0,0,0,0,0,0,0,0,0
Lexi Bender,BOS,D,18507446,2018-02-18,BOS,BUF,0,0,0,0,0,0.11,1,0,1,0,0,0,0,0,0,0,0,0,0,0,0,0,0
Lisa Chesson,BUF,D,18507446,2018-02-18,BOS,BUF,0,0,1,1,0,1.3,6,3,0,1,0,0,0,0,0,0,0,0,0,1,0,0,0
Paige Harrington,BOS,D,18507446,2018-02-18,BOS,BUF,0,0,0,0,0,0,0,0,1,0,0,0,0,0,0,0,0,0,0,0,0,0,0
Paige Harrington,BUF,D,18507446,2018-02-18,BOS,BUF,0,0,0,0,0,0,0,0,1,0,0,0,0,0,0,0,0,0,0,0,0,0,0
Sarah  Edney,BUF,D,18507446,2018-02-18,BOS,BUF,0,0,0,0,0,0,0,1,1,0.5,0,0,0,0,0,0,0,0,0,1,0,0,0
Sarah Casorso,BUF,D,18507446,2018-02-18,BOS,BUF,0,0,2,2,0,1.28,0,0,1,0,0,0,1,0,0,0,0,0,0,0,0,0,0
Meagan Mangene,BOS,D|F,18507446,2018-02-18,BOS,BUF,0,0,0,0,0,0,0,0,1,0,0,0,0,0,0,0,0,0,0,1,0,0,0
Corey  Stearns,BOS,F,18507446,2018-02-18,BOS,BUF,0,0,1,1,0,0.11000000000000001,0,0,2,0,0,0,0,0,0,0,0,3,2,0,0,0,0
Corinne Buie,BUF,F,18507446,2018-02-18,BOS,BUF,0,0,0,0,0,0.33999999999999997,2,0,0,NA,0,0,0,0,0,0,1,0,0,0,0,0,0
Dana Trivigno,BOS,F,18507446,2018-02-18,BOS,BUF,0,0,0,0,0,0.04999999999999999,2,2,0,1,0,0,0,0,0,0,0,0,2,0,1,0,0
Emily Field,BOS,F,18507446,2018-02-18,BOS,BUF,1,1,0,2,2,1.6400000000000001,0,2,0,1,0,0,0,0,0,0,0,0,0,0,0,0,0
Hayley  Scamurra,BUF,F,18507446,2018-02-18,BOS,BUF,1,1,0,2,2,1.86,2,2,1,0.6666666666666666,0,0,0,0,0,0,0,0,0,0,0,0,0
Heather  Schwarz,BOS,F,18507446,2018-02-18,BOS,BUF,0,0,0,0,0,0,0,0,2,0,0,0,0,0,0,0,0,0,0,0,0,0,0
Janine Weber,BOS,F,18507446,2018-02-18,BOS,BUF,0,0,0,0,0,-0.14999999999999997,3,0,0,NA,0,0,0,0,0,0,5,9,0,0,0,0,0
Jess Jones,BUF,F,18507446,2018-02-18,BOS,BUF,0,1,0,1,1,0.52,0,0,1,0,0,1,0,0,0,0,0,1,0,1,0,0,0
Jillian Dempsey,BOS,F,18507446,2018-02-18,BOS,BUF,1,1,0,2,2,2.56,4,2,0,1,0,0,0,0,0,0,17,13,0,0,0,0,0
Jordan Smelker,BOS,F,18507446,2018-02-18,BOS,BUF,0,0,0,0,0,0.22,2,0,0,NA,0,0,0,0,0,0,0,0,0,0,0,0,0
Kaylyn  Schroka,BUF,F,18507446,2018-02-18,BOS,BUF,1,1,0,2,2,1.9900000000000002,1,2,0,1,0,0,0,0,0,0,5,3,0,2,0,0,0
Kourtney Kunichika,BUF,F,18507446,2018-02-18,BOS,BUF,1,0,1,2,1,1.4700000000000002,0,2,2,0.5,1,0,0,0,0,0,0,0,2,0,0,0,0
Kristin Lewicki,BUF,F,18507446,2018-02-18,BOS,BUF,1,0,0,1,1,0.98,2,2,0,1,0,0,0,0,0,0,1,3,0,0,0,0,0
Maddie  Elia,BUF,F,18507446,2018-02-18,BOS,BUF,1,1,0,2,2,1.53,1,2,2,0.5,0,0,0,0,0,0,8,7,4,0,0,0,0
Mary Parker,BOS,F,18507446,2018-02-18,BOS,BUF,0,0,0,0,0,-0.17,0,0,2,0,0,0,0,0,0,0,0,0,2,0,0,0,0
Rebecca  Vint,BUF,F,18507446,2018-02-18,BOS,BUF,1,0,0,1,1,0.93,2,0,0,NA,1,0,0,0,0,0,11,12,2,0,0,0,0
Sydney   Daniels,BOS,F,18507446,2018-02-18,BOS,BUF,0,0,0,0,0,0.63,4,0,0,NA,0,0,0,0,0,0,4,1,2,0,0,0,0
Taylor Accursi,BUF,F,18507446,2018-02-18,BOS,BUF,0,1,0,1,1,0.75,1,2,0,1,0,1,0,0,0,0,0,0,0,0,0,0,0
Kaleigh Fratkin,BOS,F|D,18507446,2018-02-18,BOS,BUF,0,0,0,0,0,0.11,1,2,0,1,0,0,0,0,0,0,0,0,0,0,0,0,0
Amanda Leveille,BUF,G,18507446,2018-02-18,BOS,BUF,0,0,0,0,0,0.8000000000000003,0,0,0,NA,0,0,0,0,0,0,0,0,0,0,0,20,2
Brianna  Laing,BOS,G,18507446,2018-02-18,BOS,BUF,0,0,0,0,0,-2.58,0,0,0,NA,0,0,0,0,0,0,0,0,0,0,0,3,3
Madison  Litchfield,BOS,G,18507446,2018-02-18,BOS,BUF,0,0,0,0,0,-0.7599999999999998,0,0,0,NA,0,0,0,0,0,0,0,0,0,0,0,16,3
Alyssa Gagliardi,BOS,D,18507450,2018-03-11,BOS,MET,0,0,0,0,0,0.11,1,0,2,0,0,0,0,0,0,0,0,0,0,2,0,0,0
Ashley Johnston,MET,D,18507450,2018-03-11,BOS,MET,0,0,0,0,0,-0.17,0,0,0,NA,0,0,0,0,0,0,0,0,2,1,0,0,0
Courtney Burke,MET,D,18507450,2018-03-11,BOS,MET,0,1,1,2,1,1.3900000000000001,1,4,0,1,0,0,0,0,0,0,0,0,0,0,0,0,0
Elizabeth  Parker,BOS,D,18507450,2018-03-11,BOS,MET,0,0,0,0,0,0,0,0,1,0,0,0,0,0,0,0,0,0,0,0,0,0,0
Jenny Ryan,MET,D,18507450,2018-03-11,BOS,MET,0,1,1,2,1,1.5,2,3,1,0.75,0,0,0,0,0,0,0,0,0,1,0,0,0
Kaliya Johnson,BOS,D,18507450,2018-03-11,BOS,MET,0,0,0,0,0,0,0,1,1,0.5,0,0,0,0,0,0,0,0,0,0,0,0,0
Kiira Dosdall,MET,D,18507450,2018-03-11,BOS,MET,0,0,0,0,0,-0.34,0,1,0,1,0,0,0,0,0,0,0,0,4,1,0,0,0
Lexi Bender,BOS,D,18507450,2018-03-11,BOS,MET,0,0,0,0,0,0.22,2,0,1,0,0,0,0,0,0,0,0,0,0,0,0,0,0
Mallory Souliotis,BOS,D,18507450,2018-03-11,BOS,MET,0,0,0,0,0,0.11,1,0,2,0,0,0,0,0,0,0,0,0,0,0,0,0,0
Michelle Picard,MET,D,18507450,2018-03-11,BOS,MET,0,0,0,0,0,0,0,1,1,0.5,0,0,0,0,0,0,0,0,0,5,0,0,0
Paige Harrington,BOS,D,18507450,2018-03-11,BOS,MET,0,0,0,0,0,0,0,1,1,0.5,0,0,0,0,0,0,0,0,0,0,0,0,0
Meagan Mangene,BOS,D|F,18507450,2018-03-11,BOS,MET,0,0,0,0,0,0,0,0,1,0,0,0,0,0,0,0,0,0,0,0,0,0,0
Alexa Gruschow,MET,F,18507450,2018-03-11,BOS,MET,0,0,0,0,0,0.45999999999999996,2,0,1,0,0,0,0,0,0,0,13,11,0,2,0,0,0
Bray Ketchum,MET,F,18507450,2018-03-11,BOS,MET,0,1,0,1,1,0.87,1,0,0,NA,0,0,0,0,0,0,1,0,0,0,0,0,0
Corey  Stearns,BOS,F,18507450,2018-03-11,BOS,MET,0,0,0,0,0,0.11,1,0,1,0,0,0,0,0,0,0,7,7,0,1,0,0,0
Dana Trivigno,BOS,F,18507450,2018-03-11,BOS,MET,0,0,0,0,0,-0.25,1,0,0,NA,0,0,0,0,0,0,7,10,0,0,0,0,0
Emily Field,BOS,F,18507450,2018-03-11,BOS,MET,0,0,1,1,0,0.86,2,1,3,0.25,0,0,0,0,0,0,0,0,0,0,0,0,0
Erika  Lawler,MET,F,18507450,2018-03-11,BOS,MET,0,1,1,2,1,2.35,1,3,1,0.75,0,0,0,0,0,0,12,4,0,1,0,0,0
Janine Weber,BOS,F,18507450,2018-03-11,BOS,MET,0,0,0,0,0,0.56,4,0,0,NA,0,0,0,0,0,0,3,2,0,0,0,0,0
Janine Weber,MET,F,18507450,2018-03-11,BOS,MET,0,0,0,0,0,0.56,4,0,0,NA,0,0,0,0,0,0,3,2,0,0,0,0,0
Jillian Dempsey,BOS,F,18507450,2018-03-11,BOS,MET,0,1,0,1,1,0.020000000000000018,2,1,2,0.3333333333333333,0,0,0,0,0,0,6,13,0,1,0,0,0
Jordan Smelker,BOS,F,18507450,2018-03-11,BOS,MET,0,0,0,0,0,0.44,4,0,0,NA,0,0,0,0,0,0,0,0,0,0,0,0,0
Kelly Nash,MET,F,18507450,2018-03-11,BOS,MET,0,0,0,0,0,0.33,3,0,0,NA,0,0,0,0,0,0,0,0,0,0,0,0,0
Madison Packer,MET,F,18507450,2018-03-11,BOS,MET,3,0,0,3,3,3.12,0,3,1,0.75,0,0,0,0,0,0,2,1,0,1,0,0,0
Mary Parker,BOS,F,18507450,2018-03-11,BOS,MET,0,0,0,0,0,0,0,0,2,0,0,0,0,0,0,0,0,0,0,0,0,0,0
Miye D'Oench,MET,F,18507450,2018-03-11,BOS,MET,1,0,0,1,1,1.11,1,1,0,1,0,0,0,0,0,0,0,0,0,0,0,0,0
Rebecca Russo,MET,F,18507450,2018-03-11,BOS,MET,0,0,0,0,0,0.22,2,3,0,1,0,0,0,0,0,0,0,0,0,0,0,0,0
Sydney   Daniels,BOS,F,18507450,2018-03-11,BOS,MET,1,0,0,1,1,1.22,2,1,2,0.3333333333333333,0,0,0,0,0,0,0,0,0,0,0,0,0
Tatiana Rafter,MET,F,18507450,2018-03-11,BOS,MET,0,0,0,0,0,-0.12,0,1,0,1,0,0,0,0,0,0,4,5,0,0,0,0,0
Kaleigh Fratkin,BOS,F|D,18507450,2018-03-11,BOS,MET,0,0,0,0,0,-0.06000000000000001,1,0,1,0,0,0,0,0,0,0,0,0,2,0,0,0,0
Brittany Ott,BOS,G,18507450,2018-03-11,BOS,MET,0,0,0,0,0,-2.1799999999999997,0,0,0,NA,0,0,0,0,0,0,0,0,0,0,0,13,4
Katie  Fitzgerald,MET,G,18507450,2018-03-11,BOS,MET,0,0,0,0,0,2.08,0,0,0,NA,0,0,0,0,0,0,0,0,0,0,0,22,1
Kimberly Sass,MET,G,18507450,2018-03-11,BOS,MET,0,0,0,0,0,0,0,0,0,NA,0,0,0,0,0,0,0,1,0,0,0,0,0
Madison  Litchfield,BOS,G,18507450,2018-03-11,BOS,MET,0,0,0,0,0,0,1,0,0,NA,0,0,0,0,0,0,0,0,0,0,0,0,0
Alyssa Gagliardi,BOS,D,18507455,2017-11-12,BUF,BOS,0,1,0,1,1,1.08,4,2,1,0.6666666666666666,0,0,0,0,0,0,0,0,0,1,0,0,0
Colleen  Murphy,BUF,D,18507455,2017-11-12,BUF,BOS,0,0,0,0,0,0.11,1,2,1,0.6666666666666666,0,0,0,0,0,0,0,0,0,0,1,0,0
Jacquie Greco,BUF,D,18507455,2017-11-12,BUF,BOS,0,0,1,1,0,0.75,1,1,1,0.5,0,0,0,0,0,0,0,0,0,1,0,0,0
Jordyn Burns,BUF,D,18507455,2017-11-12,BUF,BOS,0,0,0,0,0,-0.17,0,1,1,0.5,0,0,0,0,0,0,0,0,2,0,1,0,0
Kaliya Johnson,BOS,D,18507455,2017-11-12,BUF,BOS,0,0,0,0,0,0,0,0,3,0,0,0,0,0,0,0,0,0,0,0,0,0,0
Kayla Parsons,BUF,D,18507455,2017-11-12,BUF,BOS,0,0,0,0,0,0.11,1,2,1,0.6666666666666666,0,0,0,0,0,0,0,0,0,2,0,0,0
Lexi Bender,BOS,D,18507455,2017-11-12,BUF,BOS,0,0,1,1,0,0.64,0,2,1,0.6666666666666666,0,0,0,0,0,0,0,0,0,1,0,0,0
Lisa Chesson,BUF,D,18507455,2017-11-12,BUF,BOS,0,0,1,1,0,0.97,3,1,1,0.5,0,0,0,0,0,0,0,0,0,0,0,0,0
Marissa Gedman,BOS,D,18507455,2017-11-12,BUF,BOS,0,0,0,0,0,0.22,2,0,2,0,0,0,0,0,0,0,0,0,0,0,0,0,0
Paige Harrington,BOS,D,18507455,2017-11-12,BUF,BOS,0,1,0,1,1,0.69,2,1,0,1,0,0,0,0,0,0,0,0,2,0,0,0,0
Paige Harrington,BUF,D,18507455,2017-11-12,BUF,BOS,0,1,0,1,1,0.69,2,1,0,1,0,0,0,0,0,0,0,0,2,0,0,0,0
Sarah  Edney,BUF,D,18507455,2017-11-12,BUF,BOS,0,0,0,0,0,0.11,1,1,1,0.5,0,0,0,0,0,0,0,0,0,0,2,0,0
Meagan Mangene,BOS,D|F,18507455,2017-11-12,BUF,BOS,0,0,0,0,0,0.22,2,1,1,0.5,0,0,0,0,0,0,0,0,0,1,0,0,0
Corey  Stearns,BOS,F,18507455,2017-11-12,BUF,BOS,0,0,1,1,0,-0.009999999999999981,0,1,0,1,0,0,0,0,0,0,4,8,2,2,0,0,0
Corinne Buie,BUF,F,18507455,2017-11-12,BUF,BOS,1,1,0,2,2,2.41,7,1,2,0.3333333333333333,0,1,0,0,0,0,0,0,0,0,0,0,0
Emily Field,BOS,F,18507455,2017-11-12,BUF,BOS,0,0,0,0,0,-0.17,0,1,2,0.3333333333333333,0,0,0,0,0,0,0,0,2,0,1,0,0
Haley Skarupa,BOS,F,18507455,2017-11-12,BUF,BOS,1,0,0,1,1,1.82,9,1,2,0.3333333333333333,0,0,0,0,0,0,0,0,2,0,0,0,0
Hayley  Scamurra,BUF,F,18507455,2017-11-12,BUF,BOS,0,1,0,1,1,0.97,3,2,1,0.6666666666666666,0,0,0,0,0,0,0,0,0,0,1,0,0
Heather  Schwarz,BOS,F,18507455,2017-11-12,BUF,BOS,0,0,0,0,0,0.11,1,1,2,0.3333333333333333,0,0,0,0,0,0,0,0,0,0,0,0,0
Janine Weber,BOS,F,18507455,2017-11-12,BUF,BOS,0,1,0,1,1,1.21,3,1,2,0.3333333333333333,0,0,0,0,0,0,13,11,0,0,0,0,0
Jillian Dempsey,BOS,F,18507455,2017-11-12,BUF,BOS,1,0,0,1,1,2.17,3,1,2,0.3333333333333333,0,0,0,0,0,0,12,5,0,0,0,0,0
Jordan Smelker,BOS,F,18507455,2017-11-12,BUF,BOS,0,0,0,0,0,0,0,1,2,0.3333333333333333,0,0,0,0,0,0,0,0,0,0,0,0,0
Kathryn Tomaselli,BOS,F,18507455,2017-11-12,BUF,BOS,0,0,0,0,0,0.22,2,1,0,1,0,0,0,0,0,0,0,0,0,0,0,0,0
Kaylyn  Schroka,BUF,F,18507455,2017-11-12,BUF,BOS,1,0,0,1,1,1,0,1,0,1,0,0,0,0,0,0,4,4,0,0,0,0,0
Kourtney Kunichika,BUF,F,18507455,2017-11-12,BUF,BOS,0,2,0,2,2,1.5100000000000002,1,2,1,0.6666666666666666,0,0,0,0,0,0,1,0,0,1,0,0,0
Kristin Lewicki,BUF,F,18507455,2017-11-12,BUF,BOS,0,1,0,1,1,0.45999999999999996,1,1,0,1,0,0,0,0,0,0,2,3,2,0,0,0,0
Maddie  Elia,BUF,F,18507455,2017-11-12,BUF,BOS,1,0,0,1,1,1.08,4,2,1,0.6666666666666666,0,0,0,0,0,0,6,9,0,1,1,0,0
Mary Parker,BOS,F,18507455,2017-11-12,BUF,BOS,1,0,0,1,1,1.11,1,1,0,1,0,0,0,0,0,0,0,0,0,0,0,0,0
Rebecca  Vint,BUF,F,18507455,2017-11-12,BUF,BOS,0,0,1,1,0,1.0699999999999998,5,1,2,0.3333333333333333,0,0,1,0,0,0,12,13,0,1,0,0,0
Sarah Shureb,BUF,F,18507455,2017-11-12,BUF,BOS,0,0,0,0,0,0.33,3,1,0,1,0,0,0,0,0,0,0,0,0,0,0,0,0
Taylor Accursi,BUF,F,18507455,2017-11-12,BUF,BOS,2,0,0,2,2,2.55,5,1,2,0.3333333333333333,1,0,0,0,0,0,0,0,0,0,2,0,0
Amanda Leveille,BUF,G,18507455,2017-11-12,BUF,BOS,0,0,0,0,0,1.0600000000000005,0,0,0,NA,0,0,0,0,0,0,0,0,0,0,0,29,3
Brianna  Laing,BOS,G,18507455,2017-11-12,BUF,BOS,0,0,0,0,0,0.40000000000000013,0,0,0,NA,0,0,0,0,0,0,0,0,0,0,0,10,1
Brittany Ott,BOS,G,18507455,2017-11-12,BUF,BOS,0,0,0,0,0,-0.35999999999999943,0,0,0,NA,0,0,0,0,0,0,0,0,0,0,0,26,4
 Kelsey  Koelzer,MET,D,18507456,2017-11-19,BUF,MET,0,1,0,1,1,0.75,1,2,2,0.5,0,0,0,0,0,0,0,0,0,1,0,0,0
Ashley Johnston,MET,D,18507456,2017-11-19,BUF,MET,0,0,0,0,0,0.11,1,1,0,1,0,0,0,0,0,0,0,0,0,0,0,0,0
Courtney Burke,MET,D,18507456,2017-11-19,BUF,MET,0,1,0,1,1,0.97,3,2,1,0.6666666666666666,0,0,0,0,0,0,0,0,0,0,0,0,0
Jacquie Greco,BUF,D,18507456,2017-11-19,BUF,MET,0,0,0,0,0,0.11,1,1,2,0.3333333333333333,0,0,0,0,0,0,0,0,0,0,0,0,0
Jenny Ryan,MET,D,18507456,2017-11-19,BUF,MET,1,0,1,2,1,1.9700000000000002,3,1,1,0.5,0,0,0,0,0,0,0,0,0,0,0,0,0
Jordyn Burns,BUF,D,18507456,2017-11-19,BUF,MET,0,0,0,0,0,0,0,1,3,0.25,0,0,0,0,0,0,0,0,0,0,0,0,0
Kiira Dosdall,MET,D,18507456,2017-11-19,BUF,MET,0,0,0,0,0,0.33,3,1,0,1,0,0,0,0,0,0,0,0,0,0,0,0,0
Lisa Chesson,BUF,D,18507456,2017-11-19,BUF,MET,0,0,1,1,0,0.64,0,1,3,0.25,0,0,0,0,0,0,0,0,0,0,0,0,0
Michelle Picard,MET,D,18507456,2017-11-19,BUF,MET,0,1,1,2,1,1.28,0,5,2,0.7142857142857143,0,0,0,0,0,0,0,0,0,0,0,0,0
Rebecca Morse,MET,D,18507456,2017-11-19,BUF,MET,0,0,0,0,0,0.33,3,1,1,0.5,0,0,0,0,0,0,0,0,0,0,0,0,0
Sarah  Edney,BUF,D,18507456,2017-11-19,BUF,MET,0,0,0,0,0,0.16,3,0,3,0,0,0,0,0,0,0,0,0,2,0,0,0,0
Sarah Casorso,BUF,D,18507456,2017-11-19,BUF,MET,0,0,0,0,0,0.22,2,1,1,0.5,0,0,0,0,0,0,0,0,0,0,1,0,0
Alexa Gruschow,MET,F,18507456,2017-11-19,BUF,MET,2,1,0,3,3,2.5700000000000003,2,4,2,0.6666666666666666,0,0,0,0,0,0,12,13,2,0,0,0,0
Bray Ketchum,MET,F,18507456,2017-11-19,BUF,MET,1,0,1,2,1,1.6400000000000001,0,3,2,0.6,0,0,0,0,0,0,0,0,0,1,0,0,0
Cheeky Herr,MET,F,18507456,2017-11-19,BUF,MET,0,0,0,0,0,0.11,1,0,1,0,0,0,0,0,0,0,0,0,0,0,0,0,0
Corinne Buie,BUF,F,18507456,2017-11-19,BUF,MET,0,0,0,0,0,0.22999999999999998,1,0,1,0,0,0,0,0,0,0,1,0,0,1,2,0,0
Erika  Lawler,MET,F,18507456,2017-11-19,BUF,MET,0,0,1,1,0,1.48,0,2,0,1,0,0,0,0,0,0,17,10,0,0,1,0,0
Harrison Browne,BUF,F,18507456,2017-11-19,BUF,MET,0,2,0,2,2,1.33,2,2,0,1,0,0,0,0,0,0,0,0,2,0,0,0,0
Harrison Browne,MET,F,18507456,2017-11-19,BUF,MET,0,2,0,2,2,1.33,2,2,0,1,0,0,0,0,0,0,0,0,2,0,0,0,0
Hayley  Scamurra,BUF,F,18507456,2017-11-19,BUF,MET,1,1,0,2,2,1.98,2,2,1,0.6666666666666666,0,0,0,0,0,0,1,0,0,2,0,0,0
Jess Jones,BUF,F,18507456,2017-11-19,BUF,MET,0,0,1,1,0,0.75,1,1,1,0.5,0,0,0,0,0,0,0,0,0,2,0,0,0
Jordan  Ott,BUF,F,18507456,2017-11-19,BUF,MET,0,0,0,0,0,0,0,2,0,1,0,0,0,0,0,0,0,0,0,1,0,0,0
Katherine Donohue,BUF,F,18507456,2017-11-19,BUF,MET,1,0,0,1,1,1.23,1,1,2,0.3333333333333333,0,0,0,0,0,0,1,0,0,0,1,0,0
Kourtney Kunichika,BUF,F,18507456,2017-11-19,BUF,MET,1,0,0,1,1,1,0,2,2,0.5,0,0,0,0,0,0,0,0,0,0,1,0,0
Kristin Lewicki,BUF,F,18507456,2017-11-19,BUF,MET,0,1,0,1,1,0.73,3,1,2,0.3333333333333333,0,0,0,0,0,0,3,5,0,0,1,0,0
Maddie  Elia,BUF,F,18507456,2017-11-19,BUF,MET,0,1,1,2,1,1.1,1,2,3,0.4,0,0,0,0,0,0,13,14,2,0,0,0,0
Miye D'Oench,MET,F,18507456,2017-11-19,BUF,MET,1,0,1,2,1,2.74,10,5,2,0.7142857142857143,0,0,0,0,0,0,0,0,0,0,0,0,0
Rebecca  Vint,BUF,F,18507456,2017-11-19,BUF,MET,0,0,0,0,0,-0.74,2,0,2,0,0,0,0,0,0,0,7,15,0,0,0,0,0
Rebecca Russo,MET,F,18507456,2017-11-19,BUF,MET,1,0,0,1,1,1.23,1,1,0,1,0,0,0,0,0,0,1,0,0,0,0,0,0
Tatiana Rafter,MET,F,18507456,2017-11-19,BUF,MET,0,0,0,0,0,0.22999999999999998,1,0,1,0,0,0,0,0,0,0,4,3,0,0,0,0,0
Taylor Accursi,BUF,F,18507456,2017-11-19,BUF,MET,0,0,0,0,0,0.11,1,0,4,0,0,0,0,0,0,0,0,0,0,0,0,0,0
Amanda Leveille,BUF,G,18507456,2017-11-19,BUF,MET,0,0,0,0,0,-1.6599999999999993,0,0,0,NA,0,0,0,0,0,0,0,0,0,0,0,31,6
Katie  Fitzgerald,MET,G,18507456,2017-11-19,BUF,MET,0,0,0,0,0,-0.47999999999999954,0,0,0,NA,0,0,0,0,0,0,0,0,0,0,0,18,3
Cassie Dunne,CTW,D,18507458,2017-12-16,BUF,CTW,0,0,0,0,0,0,0,0,0,NA,0,0,0,0,0,0,0,0,0,0,0,0,0
Colleen  Murphy,BUF,D,18507458,2017-12-16,BUF,CTW,0,0,0,0,0,-0.06000000000000001,1,0,1,0,0,0,0,0,0,0,0,0,2,0,0,0,0
Cydney Roesler,CTW,D,18507458,2017-12-16,BUF,CTW,0,1,0,1,1,1.3,6,1,0,1,0,0,0,0,0,0,0,0,0,1,0,0,0
Elena Orlando,CTW,D,18507458,2017-12-16,BUF,CTW,0,0,0,0,0,-0.06000000000000001,1,0,0,NA,0,0,0,0,0,0,0,0,2,1,0,0,0
Hanna  Beattie,CTW,D,18507458,2017-12-16,BUF,CTW,0,0,0,0,0,0,0,0,0,NA,0,0,0,0,0,0,0,0,0,0,1,0,0
Jordan Brickner,CTW,D,18507458,2017-12-16,BUF,CTW,0,0,0,0,0,0.22,2,0,0,NA,0,0,0,0,0,0,0,0,0,1,0,0,0
Jordyn Burns,BUF,D,18507458,2017-12-16,BUF,CTW,0,0,0,0,0,0,0,0,0,NA,0,0,0,0,0,0,0,0,0,2,1,0,0
Lisa Chesson,BUF,D,18507458,2017-12-16,BUF,CTW,0,0,0,0,0,-0.06000000000000001,1,1,0,1,0,0,0,0,0,0,0,0,2,1,0,0,0
Rachael Ade,CTW,D,18507458,2017-12-16,BUF,CTW,0,0,0,0,0,0.33,3,1,0,1,0,0,0,0,0,0,0,0,0,0,0,0,0
Sarah  Edney,BUF,D,18507458,2017-12-16,BUF,CTW,0,2,0,2,2,1.72,4,1,0,1,0,0,0,0,0,0,0,0,0,0,0,0,0
Sarah Casorso,BUF,D,18507458,2017-12-16,BUF,CTW,0,0,0,0,0,0.11,1,0,0,NA,0,0,0,0,0,0,0,0,0,0,0,0,0
Amanda Boulier,CTW,D|F,18507458,2017-12-16,BUF,CTW,1,0,0,1,1,0.72,4,1,0,1,0,0,0,0,0,0,3,9,0,3,1,0,0
Corinne Buie,BUF,F,18507458,2017-12-16,BUF,CTW,0,0,1,1,0,0.75,1,2,1,0.6666666666666666,0,0,0,0,0,0,0,0,0,3,0,0,0
Emily Fluke,CTW,F,18507458,2017-12-16,BUF,CTW,0,0,1,1,0,1.4100000000000001,7,1,0,1,0,0,0,0,0,0,0,0,0,1,0,0,0
Hayley  Scamurra,BUF,F,18507458,2017-12-16,BUF,CTW,1,0,0,1,1,0.9900000000000001,1,0,0,NA,0,0,0,0,0,0,0,1,0,1,1,0,0
Jamie Goldsmith,CTW,F,18507458,2017-12-16,BUF,CTW,0,0,0,0,0,-0.5,2,0,0,NA,0,0,0,0,0,0,4,10,0,2,1,0,0
Jess Jones,BUF,F,18507458,2017-12-16,BUF,CTW,1,0,0,1,1,1.27,4,2,1,0.6666666666666666,0,0,0,0,0,0,0,0,2,1,1,0,0
Jordan  Ott,BUF,F,18507458,2017-12-16,BUF,CTW,0,1,0,1,1,0.64,0,1,1,0.5,0,0,0,0,0,0,0,0,0,0,0,0,0
Juana Baribeau,CTW,F,18507458,2017-12-16,BUF,CTW,0,0,0,0,0,0.33,3,0,0,NA,0,0,0,0,0,0,4,4,0,1,1,0,0
Kaycie Anderson,CTW,F,18507458,2017-12-16,BUF,CTW,0,0,0,0,0,0,0,0,0,NA,0,0,0,0,0,0,0,0,0,0,1,0,0
Kaylyn  Schroka,BUF,F,18507458,2017-12-16,BUF,CTW,0,0,0,0,0,0.33,3,0,0,NA,0,0,0,0,0,0,0,0,0,5,0,0,0
Kelly Babstock,CTW,F,18507458,2017-12-16,BUF,CTW,0,0,0,0,0,0.28,3,0,0,NA,0,0,0,0,0,0,3,2,2,0,0,0,0
Kourtney Kunichika,BUF,F,18507458,2017-12-16,BUF,CTW,0,0,1,1,0,1.48,0,2,1,0.6666666666666666,0,0,0,0,0,0,11,4,0,2,0,0,0
Kristin Lewicki,BUF,F,18507458,2017-12-16,BUF,CTW,1,0,0,1,1,1.4500000000000002,3,1,0,1,0,0,0,0,0,0,6,5,0,1,0,0,0
Maddie  Elia,BUF,F,18507458,2017-12-16,BUF,CTW,0,0,1,1,0,1.04,3,0,0,NA,0,0,0,0,0,0,6,4,2,3,0,0,0
Meghan   Huertas,CTW,F,18507458,2017-12-16,BUF,CTW,0,0,0,0,0,0.43000000000000005,5,1,0,1,0,0,0,0,0,0,2,3,0,0,0,0,0
Rebecca  Vint,BUF,F,18507458,2017-12-16,BUF,CTW,0,0,0,0,0,0.47,1,0,0,NA,0,0,0,0,0,0,5,2,0,2,1,0,0
Sam Faber,CTW,F,18507458,2017-12-16,BUF,CTW,0,0,0,0,0,0.11,1,0,0,NA,0,0,0,0,0,0,0,0,0,5,0,0,0
Sarah Shureb,BUF,F,18507458,2017-12-16,BUF,CTW,0,0,0,0,0,0.33,3,0,0,NA,0,0,0,0,0,0,0,0,0,0,0,0,0
Amanda Leveille,BUF,G,18507458,2017-12-16,BUF,CTW,0,0,0,0,0,4.180000000000001,0,0,0,NA,0,0,0,0,0,0,0,0,0,0,0,37,1
Sydney Rossman,CTW,G,18507458,2017-12-16,BUF,CTW,0,0,0,0,0,1.6400000000000006,0,0,0,NA,0,0,0,0,0,0,0,0,0,0,0,26,2
Alyssa Gagliardi,BOS,D,18507462,2018-01-06,BUF,BOS,0,0,1,1,0,0.97,3,1,1,0.5,0,0,0,0,0,0,0,0,0,3,0,0,0
Colleen  Murphy,BUF,D,18507462,2018-01-06,BUF,BOS,0,0,0,0,0,0,0,2,0,1,0,0,0,0,0,0,0,0,0,0,0,0,0
Jacquie Greco,BUF,D,18507462,2018-01-06,BUF,BOS,0,0,0,0,0,0,0,0,1,0,0,0,0,0,0,0,0,0,0,0,0,0,0
Jordyn Burns,BUF,D,18507462,2018-01-06,BUF,BOS,0,0,0,0,0,0,0,0,1,0,0,0,0,0,0,0,0,0,0,1,0,0,0
Kaliya Johnson,BOS,D,18507462,2018-01-06,BUF,BOS,0,0,0,0,0,0.22,2,0,2,0,0,0,0,0,0,0,0,0,0,0,0,0,0
Lexi Bender,BOS,D,18507462,2018-01-06,BUF,BOS,0,0,0,0,0,0,0,1,1,0.5,0,0,0,0,0,0,0,0,0,0,0,0,0
Lisa Chesson,BUF,D,18507462,2018-01-06,BUF,BOS,0,0,0,0,0,0,0,3,0,1,0,0,0,0,0,0,0,0,0,1,1,0,0
Marissa Gedman,BOS,D,18507462,2018-01-06,BUF,BOS,0,0,0,0,0,0,0,0,0,NA,0,0,0,0,0,0,0,0,0,1,0,0,0
Paige Harrington,BOS,D,18507462,2018-01-06,BUF,BOS,0,1,0,1,1,0.41,1,1,1,0.5,0,0,0,0,0,0,0,0,4,0,1,0,0
Paige Harrington,BUF,D,18507462,2018-01-06,BUF,BOS,0,1,0,1,1,0.41,1,1,1,0.5,0,0,0,0,0,0,0,0,4,0,1,0,0
Sarah  Edney,BUF,D,18507462,2018-01-06,BUF,BOS,0,0,0,0,0,0.33,3,0,1,0,0,0,0,0,0,0,0,0,0,0,0,0,0
Sarah Casorso,BUF,D,18507462,2018-01-06,BUF,BOS,0,0,0,0,0,0.22,2,1,1,0.5,0,0,0,0,0,0,0,0,0,0,0,0,0
Corey  Stearns,BOS,F,18507462,2018-01-06,BUF,BOS,0,0,0,0,0,-0.72,0,0,0,NA,0,0,0,0,0,0,0,6,0,4,0,0,0
Corinne Buie,BUF,F,18507462,2018-01-06,BUF,BOS,0,0,1,1,0,1.1800000000000002,6,1,0,1,0,0,0,0,0,0,0,1,0,0,0,0,0
Emily Field,BOS,F,18507462,2018-01-06,BUF,BOS,0,0,0,0,0,0.44,4,0,1,0,0,0,0,0,0,0,0,0,0,1,0,0,0
Hayley  Scamurra,BUF,F,18507462,2018-01-06,BUF,BOS,1,0,0,1,1,2.01,7,1,2,0.3333333333333333,0,0,0,0,0,0,4,2,0,0,0,0,0
Heather  Schwarz,BOS,F,18507462,2018-01-06,BUF,BOS,0,0,0,0,0,0,0,2,0,1,0,0,0,0,0,0,0,0,0,0,1,0,0
Janine Weber,BOS,F,18507462,2018-01-06,BUF,BOS,2,0,0,2,2,2.58,2,2,1,0.6666666666666666,0,0,0,0,0,0,9,6,0,0,0,0,0
Jess Jones,BUF,F,18507462,2018-01-06,BUF,BOS,1,0,0,1,1,1.44,4,1,0,1,0,0,0,0,0,0,0,0,0,0,0,0,0
Jillian Dempsey,BOS,F,18507462,2018-01-06,BUF,BOS,0,0,0,0,0,0.35,1,0,2,0,0,0,0,0,0,0,11,9,0,1,1,0,0
Kathryn Tomaselli,BOS,F,18507462,2018-01-06,BUF,BOS,0,1,0,1,1,0.75,1,2,2,0.5,0,0,0,0,0,0,0,0,0,0,0,0,0
Kaylyn  Schroka,BUF,F,18507462,2018-01-06,BUF,BOS,1,0,1,2,1,1.86,2,1,0,1,0,0,0,0,0,0,0,0,0,0,1,0,0
Kourtney Kunichika,BUF,F,18507462,2018-01-06,BUF,BOS,0,1,0,1,1,0.97,3,1,2,0.3333333333333333,0,0,0,0,0,0,0,0,0,0,0,0,0
Kristin Lewicki,BUF,F,18507462,2018-01-06,BUF,BOS,0,0,0,0,0,0.22999999999999998,1,1,0,1,0,0,0,0,0,0,4,3,0,0,0,0,0
Maddie  Elia,BUF,F,18507462,2018-01-06,BUF,BOS,0,0,0,0,0,-0.009999999999999995,1,1,2,0.3333333333333333,0,0,0,0,0,0,5,6,0,0,0,0,0
Mary Parker,BOS,F,18507462,2018-01-06,BUF,BOS,0,0,0,0,0,0.32,4,0,2,0,0,0,0,0,0,0,0,1,0,0,0,0,0
Michaela Levine,BOS,F,18507462,2018-01-06,BUF,BOS,0,0,0,0,0,0.04999999999999999,2,0,0,NA,0,0,0,0,0,0,0,0,2,0,1,0,0
Rebecca  Vint,BUF,F,18507462,2018-01-06,BUF,BOS,0,0,0,0,0,0.7,2,0,0,NA,0,0,0,0,0,0,4,0,0,0,1,0,0
Taylor Accursi,BUF,F,18507462,2018-01-06,BUF,BOS,0,1,0,1,1,1.1600000000000001,8,1,0,1,0,0,0,0,0,0,5,8,0,0,0,0,0
Kaleigh Fratkin,BOS,F|D,18507462,2018-01-06,BUF,BOS,0,0,1,1,0,0.58,1,1,1,0.5,0,0,0,0,0,0,0,0,2,0,1,0,0
Amanda Leveille,BUF,G,18507462,2018-01-06,BUF,BOS,0,0,0,0,0,0.9400000000000004,0,0,0,NA,0,0,0,0,0,0,0,0,0,0,0,21,2
Brianna  Laing,BOS,G,18507462,2018-01-06,BUF,BOS,0,0,0,0,0,2.460000000000001,0,0,0,NA,0,0,0,0,0,0,0,0,0,0,0,39,3
Colleen  Murphy,BUF,D,18507463,2018-01-20,BUF,CTW,0,0,0,0,0,0,0,0,1,0,0,0,0,0,0,0,0,0,0,1,0,0,0
Elena Orlando,CTW,D,18507463,2018-01-20,BUF,CTW,0,0,0,0,0,0.22,2,0,1,0,0,0,0,0,0,0,0,0,0,3,0,0,0
Hanna  Beattie,CTW,D,18507463,2018-01-20,BUF,CTW,0,0,0,0,0,-0.51,3,0,0,NA,0,0,0,0,0,0,2,9,0,0,0,0,0
Jacquie Greco,BUF,D,18507463,2018-01-20,BUF,CTW,0,0,0,0,0,0,0,1,0,1,0,0,0,0,0,0,0,0,0,0,1,0,0
Jordan Brickner,CTW,D,18507463,2018-01-20,BUF,CTW,0,0,0,0,0,0.22,2,1,0,1,0,0,0,0,0,0,0,0,0,3,0,0,0
Jordyn Burns,BUF,D,18507463,2018-01-20,BUF,CTW,0,0,0,0,0,0,0,0,0,NA,0,0,0,0,0,0,0,0,0,2,0,0,0
Lisa Chesson,BUF,D,18507463,2018-01-20,BUF,CTW,0,0,0,0,0,0.22,2,1,1,0.5,0,0,0,0,0,0,0,0,0,0,0,0,0
Rachael Ade,CTW,D,18507463,2018-01-20,BUF,CTW,0,0,0,0,0,0.27,4,1,0,1,0,0,0,0,0,0,0,0,2,2,1,0,0
Sarah  Edney,BUF,D,18507463,2018-01-20,BUF,CTW,0,0,0,0,0,0.44,4,0,0,NA,0,0,0,0,0,0,0,0,0,1,0,0,0
Sarah Casorso,BUF,D,18507463,2018-01-20,BUF,CTW,0,0,0,0,0,0.22,2,0,0,NA,0,0,0,0,0,0,0,0,0,1,0,0,0
Shannon Doyle,CTW,D,18507463,2018-01-20,BUF,CTW,0,1,0,1,1,1.19,5,0,1,0,0,0,0,0,0,0,0,0,0,2,0,0,0
Corinne Buie,BUF,F,18507463,2018-01-20,BUF,CTW,0,0,1,1,0,0.86,2,1,0,1,0,0,0,0,0,0,0,0,0,1,0,0,0
Emily Fluke,CTW,F,18507463,2018-01-20,BUF,CTW,0,0,0,0,0,-0.009999999999999995,1,0,0,NA,0,0,0,0,0,0,2,3,0,0,0,0,0
Grace Klienbach,CTW,F,18507463,2018-01-20,BUF,CTW,0,0,1,1,0,0.97,3,1,0,1,0,0,0,0,0,0,0,0,0,0,0,0,0
Hayley  Scamurra,BUF,F,18507463,2018-01-20,BUF,CTW,0,0,0,0,0,0.64,8,0,0,NA,0,0,0,0,0,0,0,2,0,0,0,0,0
Jess Jones,BUF,F,18507463,2018-01-20,BUF,CTW,0,0,0,0,0,0.11,1,0,1,0,0,0,0,0,0,0,0,0,0,0,0,0,0
Juana Baribeau,CTW,F,18507463,2018-01-20,BUF,CTW,1,0,0,1,1,0.76,0,1,0,1,0,0,0,0,0,0,3,5,0,0,0,0,0
Kaycie Anderson,CTW,F,18507463,2018-01-20,BUF,CTW,0,0,0,0,0,0.22,2,1,0,1,0,0,0,0,0,0,0,0,0,0,0,0,0
Kaylyn  Schroka,BUF,F,18507463,2018-01-20,BUF,CTW,0,0,0,0,0,0.5700000000000001,3,0,1,0,0,0,0,0,0,0,3,1,0,1,0,0,0
Kelly Babstock,CTW,F,18507463,2018-01-20,BUF,CTW,0,0,0,0,0,0.14000000000000004,5,0,1,0,0,0,0,0,0,0,8,10,2,0,0,0,0
Kourtney Kunichika,BUF,F,18507463,2018-01-20,BUF,CTW,1,0,0,1,1,0.88,0,1,0,1,0,0,0,0,0,0,0,1,0,0,0,0,0
Kristin Lewicki,BUF,F,18507463,2018-01-20,BUF,CTW,0,0,0,0,0,0.71,1,0,0,NA,0,0,0,0,0,0,8,3,0,1,0,0,0
Maddie  Elia,BUF,F,18507463,2018-01-20,BUF,CTW,0,1,0,1,1,1.4,3,1,0,1,0,0,0,0,0,0,9,4,2,0,1,0,0
Meghan   Huertas,CTW,F,18507463,2018-01-20,BUF,CTW,0,0,0,0,0,0.45,3,0,0,NA,0,0,0,0,0,0,3,2,0,0,0,0,0
Rebecca  Vint,BUF,F,18507463,2018-01-20,BUF,CTW,0,0,0,0,0,0.16999999999999996,2,0,1,0,0,0,0,0,0,0,8,7,2,1,1,0,0
Sam Faber,CTW,F,18507463,2018-01-20,BUF,CTW,0,0,0,0,0,-0.06000000000000001,1,0,1,0,0,0,0,0,0,0,0,0,2,0,0,0,0
Taylor Accursi,BUF,F,18507463,2018-01-20,BUF,CTW,0,0,0,0,0,0.45999999999999996,2,0,0,NA,0,0,0,0,0,0,2,0,0,0,2,0,0
Anya Battaglino ,CTW,F|D,18507463,2018-01-20,BUF,CTW,0,0,0,0,0,0,0,0,1,0,0,0,0,0,0,0,0,0,0,0,0,0,0
Amanda Leveille,BUF,G,18507463,2018-01-20,BUF,CTW,0,0,0,0,0,3.3400000000000007,0,0,0,NA,0,0,0,0,0,0,0,0,0,0,0,31,1
Sydney Rossman,CTW,G,18507463,2018-01-20,BUF,CTW,0,0,0,0,0,3.2,0,0,0,NA,0,0,0,0,0,0,0,0,0,0,0,30,1
Alyssa Gagliardi,BOS,D,18507465,2018-01-27,BUF,BOS,0,0,0,0,0,0.22,2,0,0,NA,0,0,0,0,0,0,0,0,0,2,0,0,0
Colleen  Murphy,BUF,D,18507465,2018-01-27,BUF,BOS,0,0,0,0,0,0.11,1,0,0,NA,0,0,0,0,0,0,0,0,0,2,0,0,0
Jacquie Greco,BUF,D,18507465,2018-01-27,BUF,BOS,0,0,0,0,0,0.11,1,0,0,NA,0,0,0,0,0,0,0,0,0,1,0,0,0
Jordyn Burns,BUF,D,18507465,2018-01-27,BUF,BOS,0,0,0,0,0,-0.17,0,0,0,NA,0,0,0,0,0,0,0,0,2,1,1,0,0
Kaliya Johnson,BOS,D,18507465,2018-01-27,BUF,BOS,0,0,0,0,0,0.11,1,0,0,NA,0,0,0,0,0,0,0,0,0,0,0,0,0
Lexi Bender,BOS,D,18507465,2018-01-27,BUF,BOS,0,0,0,0,0,0.11,1,0,0,NA,0,0,0,0,0,0,0,0,0,0,1,0,0
Lisa Chesson,BUF,D,18507465,2018-01-27,BUF,BOS,0,0,0,0,0,0.22,2,0,0,NA,0,0,0,0,0,0,0,0,0,0,0,0,0
Marissa Gedman,BOS,D,18507465,2018-01-27,BUF,BOS,0,0,0,0,0,-0.29000000000000004,0,0,0,NA,0,0,0,0,0,0,0,1,2,0,0,0,0
Paige Harrington,BOS,D,18507465,2018-01-27,BUF,BOS,0,0,0,0,0,-0.009999999999999995,1,0,0,NA,0,0,0,0,0,0,0,1,0,0,1,0,0
Paige Harrington,BUF,D,18507465,2018-01-27,BUF,BOS,0,0,0,0,0,-0.009999999999999995,1,0,0,NA,0,0,0,0,0,0,0,1,0,0,1,0,0
Sarah  Edney,BUF,D,18507465,2018-01-27,BUF,BOS,0,0,0,0,0,0.11,1,0,0,NA,0,0,0,0,0,0,0,0,0,0,0,0,0
Sarah Casorso,BUF,D,18507465,2018-01-27,BUF,BOS,0,0,0,0,0,0.22,2,0,0,NA,0,0,0,0,0,0,0,0,0,1,1,0,0
Meagan Mangene,BOS,D|F,18507465,2018-01-27,BUF,BOS,0,0,0,0,0,0.21000000000000002,3,0,0,NA,0,0,0,0,0,0,0,1,0,0,0,0,0
Corey  Stearns,BOS,F,18507465,2018-01-27,BUF,BOS,0,0,0,0,0,-1.44,0,0,0,NA,0,0,0,0,0,0,3,15,0,2,0,0,0
Corinne Buie,BUF,F,18507465,2018-01-27,BUF,BOS,0,0,0,0,0,1,8,0,0,NA,0,0,0,0,0,0,2,1,0,1,1,0,0
Dana Trivigno,BOS,F,18507465,2018-01-27,BUF,BOS,0,0,0,0,0,0.19000000000000006,5,0,0,NA,0,0,0,0,0,0,7,10,0,0,0,0,0
Emily Field,BOS,F,18507465,2018-01-27,BUF,BOS,0,0,0,0,0,0.38,5,0,0,NA,0,0,0,0,0,0,0,0,2,0,0,0,0
Hayley  Scamurra,BUF,F,18507465,2018-01-27,BUF,BOS,0,0,0,0,0,0.88,8,0,0,NA,0,0,0,0,0,0,0,0,0,0,0,0,0
Heather  Schwarz,BOS,F,18507465,2018-01-27,BUF,BOS,0,0,0,0,0,-0.07,2,0,0,NA,0,0,0,0,0,0,0,1,2,0,0,0,0
Jess Jones,BUF,F,18507465,2018-01-27,BUF,BOS,0,0,0,0,0,0.33,3,0,0,NA,0,0,0,0,0,0,0,0,0,1,0,0,0
Jillian Dempsey,BOS,F,18507465,2018-01-27,BUF,BOS,0,0,0,0,0,-1.44,0,0,0,NA,0,0,0,0,0,0,3,15,0,0,1,0,0
Jordan Smelker,BOS,F,18507465,2018-01-27,BUF,BOS,0,0,0,0,0,-0.17,0,0,0,NA,0,0,0,0,0,0,0,0,2,0,0,0,0
Katherine Donohue,BUF,F,18507465,2018-01-27,BUF,BOS,0,0,0,0,0,-0.24,0,0,0,NA,0,0,0,0,0,0,2,4,0,0,1,0,0
Kaylyn  Schroka,BUF,F,18507465,2018-01-27,BUF,BOS,0,0,0,0,0,0.7,2,0,0,NA,0,0,0,0,0,0,4,0,0,1,0,0,0
Kourtney Kunichika,BUF,F,18507465,2018-01-27,BUF,BOS,0,0,0,0,0,0.43000000000000005,5,0,0,NA,0,0,0,0,0,0,0,1,0,1,0,0,0
Maddie  Elia,BUF,F,18507465,2018-01-27,BUF,BOS,0,0,0,0,0,3.04,8,0,0,NA,0,0,0,0,0,0,20,2,0,0,0,0,0
Mary Parker,BOS,F,18507465,2018-01-27,BUF,BOS,0,0,0,0,0,0.11,1,0,0,NA,0,0,0,0,0,0,0,0,0,0,1,0,0
Michaela Levine,BOS,F,18507465,2018-01-27,BUF,BOS,0,0,0,0,0,0,0,0,0,NA,0,0,0,0,0,0,0,0,0,0,0,0,0
Rebecca  Vint,BUF,F,18507465,2018-01-27,BUF,BOS,0,0,0,0,0,1.7599999999999998,4,0,0,NA,0,0,0,0,0,0,16,5,0,1,2,0,0
Taylor Accursi,BUF,F,18507465,2018-01-27,BUF,BOS,0,0,0,0,0,0.04999999999999999,2,0,0,NA,0,0,0,0,0,0,0,0,2,1,0,0,0
Kaleigh Fratkin,BOS,F|D,18507465,2018-01-27,BUF,BOS,0,0,0,0,0,0.44,4,0,0,NA,0,0,0,0,0,0,0,0,0,0,0,0,0
Amanda Leveille,BUF,G,18507465,2018-01-27,BUF,BOS,0,0,0,0,0,3.5000000000000004,0,0,0,NA,0,0,0,0,0,0,0,0,0,0,0,25,0
Brittany Ott,BOS,G,18507465,2018-01-27,BUF,BOS,0,0,0,0,0,6.580000000000001,0,0,0,NA,0,0,0,0,0,0,0,0,0,0,0,47,0
 Kelsey  Koelzer,MET,D,18507466,2018-02-03,BUF,MET,0,0,1,1,0,0.91,4,1,0,1,0,0,0,0,0,0,0,0,2,0,0,0,0
Ashley Johnston,MET,D,18507466,2018-02-03,BUF,MET,0,0,0,0,0,0,0,1,0,1,0,0,0,0,0,0,0,0,0,3,0,0,0
Colleen  Murphy,BUF,D,18507466,2018-02-03,BUF,MET,0,0,0,0,0,0.11,1,1,1,0.5,0,0,0,0,0,0,0,0,0,0,0,0,0
Courtney Burke,MET,D,18507466,2018-02-03,BUF,MET,0,0,1,1,0,0.97,3,0,3,0,0,0,1,0,0,0,0,0,0,1,0,0,0
Jacquie Greco,BUF,D,18507466,2018-02-03,BUF,MET,0,0,0,0,0,-0.06000000000000001,1,0,0,NA,0,0,0,0,0,0,0,0,2,1,0,0,0
Jenny Ryan,MET,D,18507466,2018-02-03,BUF,MET,0,0,1,1,0,1.08,4,0,4,0,0,0,1,0,0,0,0,0,0,1,0,0,0
Jordyn Burns,BUF,D,18507466,2018-02-03,BUF,MET,0,1,0,1,1,0.64,0,3,0,1,0,0,0,0,1,0,0,0,0,1,0,0,0
Kiira Dosdall,MET,D,18507466,2018-02-03,BUF,MET,0,0,0,0,0,-0.06000000000000001,1,1,0,1,0,0,0,0,0,0,0,0,2,0,2,0,0
Lisa Chesson,BUF,D,18507466,2018-02-03,BUF,MET,0,0,0,0,0,0.11,1,0,0,NA,0,0,0,0,0,0,0,0,0,1,0,0,0
Michelle Picard,MET,D,18507466,2018-02-03,BUF,MET,0,0,0,0,0,0.33,3,0,1,0,0,0,0,0,0,0,0,0,0,1,1,0,0
Rebecca Morse,MET,D,18507466,2018-02-03,BUF,MET,0,0,0,0,0,0.11,1,0,1,0,0,0,0,0,0,0,0,0,0,0,0,0,0
Sarah  Edney,BUF,D,18507466,2018-02-03,BUF,MET,0,0,0,0,0,0.22,2,3,0,1,0,0,0,0,0,0,0,0,0,1,0,0,0
Sarah Casorso,BUF,D,18507466,2018-02-03,BUF,MET,0,1,1,2,1,1.11,0,1,1,0.5,0,1,0,0,0,0,0,0,2,0,1,0,0
Alexa Gruschow,MET,F,18507466,2018-02-03,BUF,MET,0,1,0,1,1,0.69,2,0,4,0,0,1,0,0,0,0,10,10,2,0,0,0,0
Bray Ketchum,MET,F,18507466,2018-02-03,BUF,MET,0,0,0,0,0,0.04999999999999999,2,0,1,0,0,0,0,0,0,0,0,0,2,0,1,0,0
Corinne Buie,BUF,F,18507466,2018-02-03,BUF,MET,1,0,0,1,1,1.22,4,0,0,NA,1,0,0,0,0,0,1,0,4,0,0,0,0
Harrison Browne,BUF,F,18507466,2018-02-03,BUF,MET,1,0,0,1,1,1.44,4,1,1,0.5,0,0,0,0,0,0,0,0,0,0,0,0,0
Harrison Browne,MET,F,18507466,2018-02-03,BUF,MET,1,0,0,1,1,1.44,4,1,1,0.5,0,0,0,0,0,0,0,0,0,0,0,0,0
Hayley  Scamurra,BUF,F,18507466,2018-02-03,BUF,MET,1,1,1,3,2,2.4400000000000004,3,2,0,1,0,0,1,1,0,0,1,1,2,2,0,0,0
Jess Jones,BUF,F,18507466,2018-02-03,BUF,MET,0,0,0,0,0,0.11,1,0,0,NA,0,0,0,0,0,0,0,0,0,0,0,0,0
Kaylyn  Schroka,BUF,F,18507466,2018-02-03,BUF,MET,1,0,0,1,1,1.1,2,1,1,0.5,0,0,0,1,0,0,3,4,0,0,0,0,0
Kourtney Kunichika,BUF,F,18507466,2018-02-03,BUF,MET,0,1,0,1,1,1.08,4,2,0,1,0,0,0,0,0,0,0,0,0,0,0,0,0
Kristin Lewicki,BUF,F,18507466,2018-02-03,BUF,MET,1,0,0,1,1,0.98,2,2,1,0.6666666666666666,0,0,0,0,0,0,0,2,0,1,1,0,0
Lauren Wash,MET,F,18507466,2018-02-03,BUF,MET,0,0,0,0,0,0,0,0,1,0,0,0,0,0,0,0,0,0,0,0,0,0,0
Maddie  Elia,BUF,F,18507466,2018-02-03,BUF,MET,1,0,0,1,1,1.6,0,2,0,1,0,0,0,0,0,0,13,8,0,0,0,0,0
Madison Packer,MET,F,18507466,2018-02-03,BUF,MET,2,0,0,2,2,1.8699999999999999,1,0,2,0,2,0,0,0,0,0,6,8,0,1,0,0,0
Rebecca  Vint,BUF,F,18507466,2018-02-03,BUF,MET,0,0,0,0,0,0.05999999999999997,1,0,0,NA,0,0,0,0,0,0,9,8,2,2,1,0,0
Rebecca Russo,MET,F,18507466,2018-02-03,BUF,MET,0,1,0,1,1,0.9600000000000001,4,0,2,0,0,1,0,0,0,0,0,1,0,0,0,0,0
Tatiana Rafter,MET,F,18507466,2018-02-03,BUF,MET,0,1,0,1,1,0.63,1,1,0,1,0,0,0,0,0,0,7,8,0,0,0,0,0
Taylor Accursi,BUF,F,18507466,2018-02-03,BUF,MET,0,0,0,0,0,0,0,1,1,0.5,0,0,0,0,0,0,0,0,0,0,0,0,0
Amanda Leveille,BUF,G,18507466,2018-02-03,BUF,MET,0,0,0,0,0,1.2000000000000002,0,0,0,NA,0,0,0,0,0,0,0,0,0,0,0,30,3
Katie  Fitzgerald,MET,G,18507466,2018-02-03,BUF,MET,0,0,0,0,0,-1.92,0,0,0,NA,0,0,0,0,0,0,0,0,0,0,0,22,5
Cydney Roesler,CTW,D,18507470,2017-10-28,CTW,BUF,0,0,0,0,0,-0.17,0,1,0,1,0,0,0,0,0,0,0,0,2,0,0,0,0
Elena Orlando,CTW,D,18507470,2017-10-28,CTW,BUF,0,0,0,0,0,0,0,1,1,0.5,0,0,0,0,0,0,0,0,0,3,0,0,0
Jacquie Greco,BUF,D,18507470,2017-10-28,CTW,BUF,0,0,0,0,0,0.22,2,0,1,0,0,0,0,0,0,0,0,0,0,1,0,0,0
Jordan Brickner,CTW,D,18507470,2017-10-28,CTW,BUF,0,0,0,0,0,0,0,1,0,1,0,0,0,0,0,0,0,0,0,0,0,0,0
Jordyn Burns,BUF,D,18507470,2017-10-28,CTW,BUF,0,0,0,0,0,0,0,1,0,1,0,0,0,0,0,0,0,0,0,2,1,0,0
Lisa Chesson,BUF,D,18507470,2017-10-28,CTW,BUF,0,0,0,0,0,0.22,2,0,1,0,0,0,0,0,0,0,0,0,0,1,0,0,0
Rachael Ade,CTW,D,18507470,2017-10-28,CTW,BUF,0,0,0,0,0,-0.06000000000000001,1,0,0,NA,0,0,0,0,0,0,0,0,2,0,0,0,0
Sarah  Edney,BUF,D,18507470,2017-10-28,CTW,BUF,0,0,0,0,0,0.22,2,0,1,0,0,0,0,0,0,0,0,0,0,1,1,0,0
Sarah Casorso,BUF,D,18507470,2017-10-28,CTW,BUF,0,1,2,3,1,2.03,1,1,0,1,0,1,0,0,0,0,0,0,0,1,0,0,0
Shannon Doyle,CTW,D,18507470,2017-10-28,CTW,BUF,0,0,1,1,0,0.86,2,1,1,0.5,0,0,0,0,0,0,0,0,0,2,0,0,0
Corinne Buie,BUF,F,18507470,2017-10-28,CTW,BUF,0,0,0,0,0,0.22,2,0,1,0,0,0,0,0,0,0,2,2,0,4,0,0,0
Emily Fluke,CTW,F,18507470,2017-10-28,CTW,BUF,0,0,1,1,0,0.57,2,1,0,1,0,0,0,0,0,0,0,1,2,2,1,0,0
Grace Klienbach,CTW,F,18507470,2017-10-28,CTW,BUF,1,0,0,1,1,1,0,1,1,0.5,0,0,0,0,0,0,0,0,0,0,0,0,0
Hayley  Scamurra,BUF,F,18507470,2017-10-28,CTW,BUF,0,0,0,0,0,0.5099999999999999,4,0,0,NA,0,0,0,0,0,0,2,0,2,0,0,0,0
Jamie Goldsmith,CTW,F,18507470,2017-10-28,CTW,BUF,0,1,0,1,1,1.04,3,1,0,1,0,0,0,0,0,0,12,10,2,4,0,0,0
Jess Jones,BUF,F,18507470,2017-10-28,CTW,BUF,0,0,0,0,0,0.55,5,0,1,0,0,0,0,0,0,0,0,0,0,0,0,0,0
Juana Baribeau,CTW,F,18507470,2017-10-28,CTW,BUF,0,0,0,0,0,-0.01999999999999999,2,1,0,1,0,0,0,0,0,0,0,2,0,3,0,0,0
Kaycie Anderson,CTW,F,18507470,2017-10-28,CTW,BUF,0,0,0,0,0,0.11,1,0,0,NA,0,0,0,0,0,0,0,0,0,0,0,0,0
Kaylyn  Schroka,BUF,F,18507470,2017-10-28,CTW,BUF,0,1,0,1,1,0.98,2,1,1,0.5,0,0,0,0,0,0,1,0,0,1,0,0,0
Kelly Babstock,CTW,F,18507470,2017-10-28,CTW,BUF,0,1,0,1,1,1.8299999999999998,3,1,0,1,0,0,0,0,0,0,17,7,4,0,0,0,0
Kristin Lewicki,BUF,F,18507470,2017-10-28,CTW,BUF,0,0,0,0,0,-0.6299999999999999,3,1,1,0.5,0,0,0,0,0,0,2,10,0,0,0,0,0
Maddie  Elia,BUF,F,18507470,2017-10-28,CTW,BUF,0,1,1,2,1,1.11,5,0,0,NA,0,0,1,0,0,0,7,13,0,0,0,0,0
Rebecca  Vint,BUF,F,18507470,2017-10-28,CTW,BUF,0,0,0,0,0,0.33999999999999997,2,0,1,0,0,0,0,0,0,0,11,10,0,0,0,0,0
Sam Faber,CTW,F,18507470,2017-10-28,CTW,BUF,1,0,0,1,1,1.05,2,1,1,0.5,0,0,0,0,0,0,0,0,2,0,0,0,0
Sarah Shureb,BUF,F,18507470,2017-10-28,CTW,BUF,1,0,0,1,1,1.11,1,1,1,0.5,0,0,0,0,0,0,0,0,0,0,0,0,0
Stephanie  Mock,CTW,F,18507470,2017-10-28,CTW,BUF,0,0,0,0,0,0.22,2,0,1,0,0,0,0,0,0,0,5,5,0,1,0,0,0
Taylor Accursi,BUF,F,18507470,2017-10-28,CTW,BUF,2,0,0,2,2,1.8800000000000001,2,0,0,NA,1,0,0,0,0,0,0,0,4,1,0,0,0
Anya Battaglino ,CTW,F|D,18507470,2017-10-28,CTW,BUF,0,0,0,0,0,0.16999999999999996,2,0,0,NA,0,0,0,0,0,0,1,0,2,0,0,0,0
Amanda Leveille,BUF,G,18507470,2017-10-28,CTW,BUF,0,0,0,0,0,0.8000000000000003,0,0,0,NA,0,0,0,0,0,0,0,0,0,0,0,20,2
Sydney Rossman,CTW,G,18507470,2017-10-28,CTW,BUF,0,0,0,0,0,1.7600000000000007,0,0,0,NA,0,0,0,0,0,0,0,0,0,0,0,34,3
Ashley Johnston,MET,D,18507472,2017-11-12,CTW,MET,0,0,0,0,0,0,0,0,0,NA,0,0,0,0,0,0,0,0,0,2,0,0,0
Courtney Burke,MET,D,18507472,2017-11-12,CTW,MET,0,1,3,4,1,2.67,1,3,1,0.75,0,0,1,0,0,0,0,0,0,2,0,0,0
Cydney Roesler,CTW,D,18507472,2017-11-12,CTW,MET,0,0,0,0,0,0.11,1,0,1,0,0,0,0,0,0,0,0,0,0,0,0,0,0
Elena Orlando,CTW,D,18507472,2017-11-12,CTW,MET,0,0,0,0,0,0.22,2,1,0,1,0,0,0,0,0,0,0,0,0,4,0,0,0
Jenny Ryan,MET,D,18507472,2017-11-12,CTW,MET,1,0,1,2,1,1.86,2,2,1,0.6666666666666666,1,0,1,0,0,0,0,0,0,1,1,0,0
Jordan Brickner,CTW,D,18507472,2017-11-12,CTW,MET,0,0,0,0,0,0.33,3,0,3,0,0,0,0,0,0,0,0,0,0,0,0,0,0
Kiira Dosdall,MET,D,18507472,2017-11-12,CTW,MET,0,1,0,1,1,1.08,4,1,0,1,0,0,0,0,0,0,0,0,0,0,0,0,0
Michelle Picard,MET,D,18507472,2017-11-12,CTW,MET,0,0,0,0,0,0.33,3,0,0,NA,0,0,0,0,0,0,0,0,0,2,1,0,0
Rachael Ade,CTW,D,18507472,2017-11-12,CTW,MET,0,0,0,0,0,0.33,3,1,2,0.3333333333333333,0,0,0,0,0,0,0,0,0,2,0,0,0
Rebecca Morse,MET,D,18507472,2017-11-12,CTW,MET,0,0,0,0,0,0,0,0,1,0,0,0,0,0,0,0,0,0,0,0,0,0,0
Shannon Doyle,CTW,D,18507472,2017-11-12,CTW,MET,0,0,0,0,0,-0.12000000000000002,2,1,0,1,0,0,0,0,0,0,0,0,4,1,0,0,0
Alexa Gruschow,MET,F,18507472,2017-11-12,CTW,MET,0,2,0,2,2,2.45,3,1,0,1,0,2,0,0,0,0,18,11,0,1,0,0,0
Bray Ketchum,MET,F,18507472,2017-11-12,CTW,MET,0,0,0,0,0,0.22,2,1,0,1,0,0,0,0,0,0,0,0,0,0,0,0,0
Emily Fluke,CTW,F,18507472,2017-11-12,CTW,MET,0,0,0,0,0,0.22,2,0,1,0,0,0,0,0,0,0,0,0,0,1,0,0,0
Erika  Lawler,MET,F,18507472,2017-11-12,CTW,MET,0,0,0,0,0,0.58,2,1,0,1,0,0,0,0,0,0,13,10,0,0,1,0,0
Grace Klienbach,CTW,F,18507472,2017-11-12,CTW,MET,0,0,0,0,0,0.04999999999999999,2,0,2,0,0,0,0,0,0,0,0,0,2,0,1,0,0
Harrison Browne,MET,F,18507472,2017-11-12,CTW,MET,0,0,0,0,0,-0.06000000000000001,1,0,0,NA,0,0,0,0,0,0,0,0,2,0,0,0,0
Jamie Goldsmith,CTW,F,18507472,2017-11-12,CTW,MET,0,0,0,0,0,-0.05000000000000002,0,0,2,0,0,0,0,0,0,0,9,8,2,0,0,0,0
Juana Baribeau,CTW,F,18507472,2017-11-12,CTW,MET,0,0,0,0,0,-0.07,2,0,1,0,0,0,0,0,0,0,0,1,2,1,1,0,0
Kaycie Anderson,CTW,F,18507472,2017-11-12,CTW,MET,1,0,0,1,1,0.9900000000000001,1,1,0,1,0,0,0,0,0,0,0,1,0,0,0,0,0
Kelly Babstock,CTW,F,18507472,2017-11-12,CTW,MET,0,0,0,0,0,-0.2899999999999999,5,0,2,0,0,0,0,0,0,0,10,17,0,0,1,0,0
Lauren Wash,MET,F,18507472,2017-11-12,CTW,MET,1,0,0,1,1,1.22,2,3,0,1,0,0,0,0,0,0,0,0,0,0,0,0,0
Lindsey Hylwa,MET,F,18507472,2017-11-12,CTW,MET,0,0,0,0,0,0,0,0,1,0,0,0,0,0,0,0,0,0,0,0,0,0,0
Miye D'Oench,MET,F,18507472,2017-11-12,CTW,MET,0,0,0,0,0,0.11,1,0,0,NA,0,0,0,0,0,0,0,0,0,0,0,0,0
Paige Savage,CTW,F,18507472,2017-11-12,CTW,MET,0,0,0,0,0,0.11,1,0,0,NA,0,0,0,0,0,0,0,0,0,0,0,0,0
Rebecca Russo,MET,F,18507472,2017-11-12,CTW,MET,2,1,0,3,3,2.75,1,2,0,1,1,0,0,0,0,0,0,0,0,1,0,0,0
Sam Faber,CTW,F,18507472,2017-11-12,CTW,MET,0,0,0,0,0,0.05999999999999997,1,0,1,0,0,0,0,0,0,0,1,0,2,0,0,0,0
Stephanie  Mock,CTW,F,18507472,2017-11-12,CTW,MET,0,0,0,0,0,-0.13999999999999999,2,1,0,1,0,0,0,0,0,0,5,8,0,1,0,0,0
Tatiana Rafter,MET,F,18507472,2017-11-12,CTW,MET,1,0,0,1,1,1.1600000000000001,3,1,1,0.5,0,0,0,0,0,0,4,4,2,0,0,0,0
Katie  Fitzgerald,MET,G,18507472,2017-11-12,CTW,MET,0,0,0,0,0,2.7800000000000002,0,0,0,NA,0,0,0,0,0,0,0,0,0,0,0,27,1
Sydney Rossman,CTW,G,18507472,2017-11-12,CTW,MET,0,0,0,0,0,-1.4999999999999996,0,0,0,NA,0,0,0,0,0,0,0,0,0,0,0,25,5
Alyssa Gagliardi,BOS,D,18507473,2017-11-19,CTW,BOS,0,1,0,1,1,0.75,1,2,1,0.6666666666666666,0,1,0,0,0,0,0,0,0,2,0,0,0
Cydney Roesler,CTW,D,18507473,2017-11-19,CTW,BOS,0,0,0,0,0,0.22,2,1,1,0.5,0,0,0,0,0,0,0,0,0,4,0,0,0
Elena Orlando,CTW,D,18507473,2017-11-19,CTW,BOS,0,0,0,0,0,0.11,1,2,1,0.6666666666666666,0,0,0,0,0,0,0,0,0,3,0,0,0
Kaliya Johnson,BOS,D,18507473,2017-11-19,CTW,BOS,0,0,1,1,0,0.47,0,1,1,0.5,0,0,0,0,0,0,0,0,2,0,0,0,0
Kaliya Johnson,CTW,D,18507473,2017-11-19,CTW,BOS,0,0,1,1,0,0.47,0,1,1,0.5,0,0,0,0,0,0,0,0,2,0,0,0,0
Lexi Bender,BOS,D,18507473,2017-11-19,CTW,BOS,0,0,0,0,0,0.22,2,1,1,0.5,0,0,0,0,0,0,0,0,0,0,0,0,0
Marissa Gedman,BOS,D,18507473,2017-11-19,CTW,BOS,0,0,0,0,0,0,0,0,0,NA,0,0,0,0,0,0,0,0,0,0,1,0,0
Meagan Mangene,CTW,D,18507473,2017-11-19,CTW,BOS,0,0,0,0,0,0.11,1,0,2,0,0,0,0,0,0,0,0,0,0,1,1,0,0
Paige Harrington,BOS,D,18507473,2017-11-19,CTW,BOS,0,0,0,0,0,0.11,1,0,1,0,0,0,0,0,0,0,0,0,0,1,0,0,0
Rachael Ade,CTW,D,18507473,2017-11-19,CTW,BOS,0,0,0,0,0,-0.06000000000000001,1,0,1,0,0,0,0,0,0,0,0,0,2,0,0,0,0
Shannon Doyle,CTW,D,18507473,2017-11-19,CTW,BOS,0,0,0,0,0,-0.23000000000000004,1,0,1,0,0,0,0,0,0,0,0,0,4,1,1,0,0
Amanda Boulier,CTW,D|F,18507473,2017-11-19,CTW,BOS,0,1,1,2,1,1.28,0,2,0,1,0,0,0,0,0,0,0,0,0,6,0,0,0
Meagan Mangene,BOS,D|F,18507473,2017-11-19,CTW,BOS,0,0,0,0,0,0.11,1,0,2,0,0,0,0,0,0,0,0,0,0,1,1,0,0
Corey  Stearns,BOS,F,18507473,2017-11-19,CTW,BOS,0,0,1,1,0,0.4,0,1,1,0.5,0,0,0,0,0,0,5,7,0,1,0,0,0
Dana Trivigno,BOS,F,18507473,2017-11-19,CTW,BOS,0,1,0,1,1,1.1800000000000002,6,1,0,1,0,0,0,0,0,0,2,3,0,0,1,0,0
Dana Trivigno,CTW,F,18507473,2017-11-19,CTW,BOS,0,1,0,1,1,1.1800000000000002,6,1,0,1,0,0,0,0,0,0,2,3,0,0,1,0,0
Emily Field,BOS,F,18507473,2017-11-19,CTW,BOS,1,0,0,1,1,1.1600000000000001,3,1,0,1,0,0,0,0,0,0,0,0,2,0,0,0,0
Emily Fluke,CTW,F,18507473,2017-11-19,CTW,BOS,1,1,0,2,2,1.79,4,3,1,0.75,0,0,0,0,0,0,0,1,2,1,0,0,0
Grace Klienbach,CTW,F,18507473,2017-11-19,CTW,BOS,0,0,0,0,0,-0.009999999999999995,1,0,0,NA,0,0,0,0,0,0,0,1,0,0,0,0,0
Haley Skarupa,BOS,F,18507473,2017-11-19,CTW,BOS,1,0,1,2,1,2.4,8,1,1,0.5,0,0,1,0,0,0,0,1,0,1,0,0,0
Haley Skarupa,CTW,F,18507473,2017-11-19,CTW,BOS,1,0,1,2,1,2.4,8,1,1,0.5,0,0,1,0,0,0,0,1,0,1,0,0,0
Heather  Schwarz,BOS,F,18507473,2017-11-19,CTW,BOS,0,0,0,0,0,0.44,4,0,2,0,0,0,0,0,0,0,1,1,0,0,0,0,0
Jamie Goldsmith,CTW,F,18507473,2017-11-19,CTW,BOS,0,0,0,0,0,0.22999999999999998,1,2,0,1,0,0,0,0,0,0,11,10,0,0,0,0,0
Janine Weber,BOS,F,18507473,2017-11-19,CTW,BOS,0,0,0,0,0,-0.73,1,0,2,0,0,0,0,0,0,0,6,13,0,0,0,0,0
Jillian Dempsey,BOS,F,18507473,2017-11-19,CTW,BOS,1,0,0,1,1,1.53,2,1,0,1,1,0,0,0,0,0,13,9,2,0,0,0,0
Jordan Smelker,BOS,F,18507473,2017-11-19,CTW,BOS,0,1,0,1,1,0.47,0,1,1,0.5,0,0,0,0,0,0,0,0,2,0,1,0,0
Juana Baribeau,CTW,F,18507473,2017-11-19,CTW,BOS,0,0,0,0,0,0.33,3,0,0,NA,0,0,0,0,0,0,0,0,0,0,0,0,0
Kelly Babstock,CTW,F,18507473,2017-11-19,CTW,BOS,1,0,2,3,1,3.4000000000000004,3,3,1,0.75,0,0,0,0,0,0,16,8,2,0,1,0,0
Mary Parker,BOS,F,18507473,2017-11-19,CTW,BOS,0,0,0,0,0,0.11,1,0,2,0,0,0,0,0,0,0,0,0,0,0,0,0,0
Paige Savage,BOS,F,18507473,2017-11-19,CTW,BOS,0,0,0,0,0,0.22,2,0,1,0,0,0,0,0,0,0,0,0,0,0,0,0,0
Paige Savage,CTW,F,18507473,2017-11-19,CTW,BOS,0,0,0,0,0,0.22,2,0,1,0,0,0,0,0,0,0,0,0,0,0,0,0,0
Sam Faber,CTW,F,18507473,2017-11-19,CTW,BOS,1,1,0,2,2,1.5700000000000003,2,2,2,0.5,0,0,0,0,0,0,0,1,2,0,0,0,0
Stephanie  Mock,CTW,F,18507473,2017-11-19,CTW,BOS,0,0,0,0,0,0.05999999999999997,1,0,1,0,0,0,0,0,0,0,7,6,2,0,0,0,0
Anya Battaglino ,CTW,F|D,18507473,2017-11-19,CTW,BOS,0,0,0,0,0,0.11,1,0,0,NA,0,0,0,0,0,0,0,0,0,0,0,0,0
Brittany Ott,BOS,G,18507473,2017-11-19,CTW,BOS,0,0,0,0,0,0.2200000000000002,0,0,0,NA,0,0,0,0,0,0,0,0,0,0,0,23,3
Sydney Rossman,CTW,G,18507473,2017-11-19,CTW,BOS,0,0,0,0,0,1.2000000000000002,0,0,0,NA,0,0,0,0,0,0,0,0,0,0,0,30,3
Alyssa Gagliardi,BOS,D,18507475,2017-12-10,CTW,BOS,0,0,0,0,0,0.33,3,2,1,0.6666666666666666,0,0,0,0,0,0,0,0,0,0,0,0,0
Cydney Roesler,CTW,D,18507475,2017-12-10,CTW,BOS,0,0,0,0,0,0,0,0,2,0,0,0,0,0,0,0,0,0,0,2,0,0,0
Elena Orlando,CTW,D,18507475,2017-12-10,CTW,BOS,0,0,0,0,0,0.11,1,0,0,NA,0,0,0,0,0,0,0,0,0,0,0,0,0
Hanna  Beattie,CTW,D,18507475,2017-12-10,CTW,BOS,0,0,0,0,0,0,0,0,2,0,0,0,0,0,0,0,0,0,0,0,0,0,0
Jordan Brickner,CTW,D,18507475,2017-12-10,CTW,BOS,0,0,0,0,0,0,0,0,2,0,0,0,0,0,0,0,0,0,0,0,0,0,0
Kaliya Johnson,BOS,D,18507475,2017-12-10,CTW,BOS,0,0,1,1,0,0.76,0,1,1,0.5,0,0,0,0,0,0,1,0,0,0,0,0,0
Kaliya Johnson,CTW,D,18507475,2017-12-10,CTW,BOS,0,0,1,1,0,0.76,0,1,1,0.5,0,0,0,0,0,0,1,0,0,0,0,0,0
Lexi Bender,BOS,D,18507475,2017-12-10,CTW,BOS,0,0,0,0,0,0.44,4,2,1,0.6666666666666666,0,0,0,0,0,0,0,0,0,0,0,0,0
Marissa Gedman,BOS,D,18507475,2017-12-10,CTW,BOS,0,0,0,0,0,-0.17,0,1,0,1,0,0,0,0,0,0,0,0,2,0,0,0,0
Meagan Mangene,CTW,D,18507475,2017-12-10,CTW,BOS,0,0,0,0,0,0.11,1,0,0,NA,0,0,0,0,0,0,0,0,0,0,0,0,0
Paige Harrington,BOS,D,18507475,2017-12-10,CTW,BOS,0,0,0,0,0,0,0,2,0,1,0,0,0,0,0,0,0,0,0,0,0,0,0
Rachael Ade,CTW,D,18507475,2017-12-10,CTW,BOS,0,0,1,1,0,0.86,2,1,2,0.3333333333333333,0,0,0,0,0,0,0,0,0,0,0,0,0
Shannon Doyle,CTW,D,18507475,2017-12-10,CTW,BOS,0,0,0,0,0,0.22,2,1,2,0.3333333333333333,0,0,0,0,0,0,0,0,0,2,0,0,0
Meagan Mangene,BOS,D|F,18507475,2017-12-10,CTW,BOS,0,0,0,0,0,0.11,1,0,0,NA,0,0,0,0,0,0,0,0,0,0,0,0,0
Corey  Stearns,BOS,F,18507475,2017-12-10,CTW,BOS,0,0,0,0,0,-0.36,0,0,0,NA,0,0,0,0,0,0,8,11,0,2,0,0,0
Dana Trivigno,BOS,F,18507475,2017-12-10,CTW,BOS,2,1,0,3,3,3.23,8,5,0,1,0,0,0,0,0,0,0,1,2,0,0,0,0
Dana Trivigno,CTW,F,18507475,2017-12-10,CTW,BOS,2,1,0,3,3,3.23,8,5,0,1,0,0,0,0,0,0,0,1,2,0,0,0,0
Emily Field,BOS,F,18507475,2017-12-10,CTW,BOS,1,2,1,4,3,3.03,1,5,0,1,0,0,0,0,0,0,0,0,0,0,1,0,0
Emily Fluke,CTW,F,18507475,2017-12-10,CTW,BOS,0,0,0,0,0,-0.25,1,1,2,0.3333333333333333,0,0,0,0,0,0,0,3,0,2,0,0,0
Grace Klienbach,CTW,F,18507475,2017-12-10,CTW,BOS,0,0,0,0,0,0.22,2,0,2,0,0,0,0,0,0,0,0,0,0,1,2,0,0
Heather  Schwarz,BOS,F,18507475,2017-12-10,CTW,BOS,0,0,0,0,0,0.22,2,0,1,0,0,0,0,0,0,0,0,0,0,0,0,0,0
Jamie Goldsmith,CTW,F,18507475,2017-12-10,CTW,BOS,0,0,0,0,0,-0.13,1,0,1,0,0,0,0,0,0,0,10,12,0,1,0,0,0
Janine Weber,BOS,F,18507475,2017-12-10,CTW,BOS,0,0,0,0,0,0,0,0,0,NA,0,0,0,0,0,0,3,3,0,0,0,0,0
Jillian Dempsey,BOS,F,18507475,2017-12-10,CTW,BOS,2,1,1,4,3,3.27,1,5,0,1,0,0,0,0,0,0,12,13,0,1,0,0,0
Juana Baribeau,CTW,F,18507475,2017-12-10,CTW,BOS,0,0,0,0,0,0,0,0,1,0,0,0,0,0,0,0,0,0,0,0,0,0,0
Kathryn Tomaselli,BOS,F,18507475,2017-12-10,CTW,BOS,0,0,0,0,0,0.1,2,0,1,0,0,0,0,0,0,0,1,2,0,1,0,0,0
Kelly Babstock,CTW,F,18507475,2017-12-10,CTW,BOS,1,0,0,1,1,2.89,3,1,1,0.5,0,0,0,0,0,0,17,4,0,0,2,0,0
Mary Parker,BOS,F,18507475,2017-12-10,CTW,BOS,0,0,0,0,0,-0.25,1,0,0,NA,0,0,0,0,0,0,0,3,0,1,0,0,0
Paige Savage,BOS,F,18507475,2017-12-10,CTW,BOS,0,0,0,0,0,0,0,0,1,0,0,0,0,0,0,0,0,0,0,0,0,0,0
Paige Savage,CTW,F,18507475,2017-12-10,CTW,BOS,0,0,0,0,0,0,0,0,1,0,0,0,0,0,0,0,0,0,0,0,0,0,0
Sam Faber,CTW,F,18507475,2017-12-10,CTW,BOS,0,1,0,1,1,0.75,1,1,2,0.3333333333333333,0,0,0,0,0,0,0,0,0,1,0,0,0
Stephanie  Mock,CTW,F,18507475,2017-12-10,CTW,BOS,0,0,0,0,0,0.22,2,0,3,0,0,0,0,0,0,0,6,6,0,0,1,0,0
Anya Battaglino ,CTW,F|D,18507475,2017-12-10,CTW,BOS,0,0,0,0,0,0.33,3,0,2,0,0,0,0,0,0,0,0,0,0,0,1,0,0
Kaleigh Fratkin,BOS,F|D,18507475,2017-12-10,CTW,BOS,0,1,0,1,1,0.47,0,2,0,1,0,0,0,0,0,0,0,0,2,1,0,0,0
Brittany Ott,BOS,G,18507475,2017-12-10,CTW,BOS,0,0,1,1,0,1.5200000000000005,0,0,0,NA,0,0,0,0,0,0,0,0,0,0,0,18,1
Laura Brennan,CTW,G,18507475,2017-12-10,CTW,BOS,0,0,0,0,0,-0.29999999999999993,0,0,0,NA,0,0,0,0,0,0,0,0,0,0,0,5,1
Sydney Rossman,CTW,G,18507475,2017-12-10,CTW,BOS,0,0,0,0,0,-1.4799999999999995,0,0,0,NA,0,0,0,0,0,0,0,0,0,0,0,18,4
 Kelsey  Koelzer,MET,D,18507478,2018-01-28,CTW,MET,1,0,0,1,1,1.33,3,0,1,0,1,0,0,0,0,0,0,0,0,1,0,0,0
Ashley Johnston,MET,D,18507478,2018-01-28,CTW,MET,0,0,0,0,0,-0.06000000000000001,1,0,0,NA,0,0,0,0,0,0,0,0,2,0,0,0,0
Courtney Burke,MET,D,18507478,2018-01-28,CTW,MET,0,1,1,2,1,1.72,4,0,0,NA,0,0,1,0,0,0,0,0,0,1,0,0,0
Cydney Roesler,CTW,D,18507478,2018-01-28,CTW,MET,0,0,0,0,0,0.22,2,0,0,NA,0,0,0,0,0,0,0,0,0,1,1,0,0
Hanna  Beattie,CTW,D,18507478,2018-01-28,CTW,MET,0,0,0,0,0,1.18,2,0,0,NA,0,0,0,0,0,0,12,4,0,0,0,0,0
Jenny Ryan,MET,D,18507478,2018-01-28,CTW,MET,0,0,1,1,0,0.91,4,0,0,NA,0,0,0,0,0,0,0,0,2,1,1,0,0
Jordan Brickner,CTW,D,18507478,2018-01-28,CTW,MET,0,0,0,0,0,0.11,1,0,0,NA,0,0,0,0,0,0,0,0,0,1,0,0,0
Kiira Dosdall,MET,D,18507478,2018-01-28,CTW,MET,0,1,0,1,1,0.75,1,0,0,NA,0,1,0,0,0,0,0,0,0,1,0,0,0
Michelle Picard,MET,D,18507478,2018-01-28,CTW,MET,0,0,0,0,0,0.04999999999999999,2,0,1,0,0,0,0,0,0,0,0,0,2,0,0,0,0
Rachael Ade,CTW,D,18507478,2018-01-28,CTW,MET,0,0,0,0,0,0.22,2,0,0,NA,0,0,0,0,0,0,0,0,0,0,0,0,0
Shannon Doyle,CTW,D,18507478,2018-01-28,CTW,MET,0,0,0,0,0,0.04999999999999999,2,0,0,NA,0,0,0,0,0,0,0,0,2,1,0,0,0
Amanda Boulier,CTW,D|F,18507478,2018-01-28,CTW,MET,0,0,0,0,0,0.56,4,0,0,NA,0,0,0,0,0,0,4,3,0,3,0,0,0
Alexa Gruschow,MET,F,18507478,2018-01-28,CTW,MET,0,1,0,1,1,0.86,2,0,1,0,0,1,0,0,0,0,8,8,0,1,1,0,0
Bray Ketchum,MET,F,18507478,2018-01-28,CTW,MET,0,0,0,0,0,0.33,3,0,1,0,0,0,0,0,0,0,0,0,0,1,0,0,0
Emily Fluke,CTW,F,18507478,2018-01-28,CTW,MET,0,0,0,0,0,-0.29000000000000004,0,0,0,NA,0,0,0,0,0,0,1,2,2,0,0,0,0
Erika  Lawler,MET,F,18507478,2018-01-28,CTW,MET,0,0,0,0,0,-0.8699999999999999,3,0,0,NA,0,0,0,0,0,0,6,16,0,0,0,0,0
Grace Klienbach,CTW,F,18507478,2018-01-28,CTW,MET,0,0,0,0,0,0,0,0,0,NA,0,0,0,0,0,0,0,0,0,2,1,0,0
Harrison Browne,MET,F,18507478,2018-01-28,CTW,MET,0,0,0,0,0,0.16,3,0,0,NA,0,0,0,0,0,0,0,0,2,0,0,0,0
Juana Baribeau,CTW,F,18507478,2018-01-28,CTW,MET,0,0,0,0,0,-0.54,1,0,0,NA,0,0,0,0,0,0,5,9,2,0,0,0,0
Kelly Babstock,CTW,F,18507478,2018-01-28,CTW,MET,1,0,0,1,1,2.14,6,0,0,NA,0,0,0,0,0,0,8,4,0,0,0,0,0
Kelly Nash,MET,F,18507478,2018-01-28,CTW,MET,0,0,0,0,0,-0.17,0,0,1,0,0,0,0,0,0,0,0,0,2,0,0,0,0
Lauren Wash,MET,F,18507478,2018-01-28,CTW,MET,0,0,0,0,0,0.11,1,0,0,NA,0,0,0,0,0,0,0,0,0,0,0,0,0
Madison Packer,MET,F,18507478,2018-01-28,CTW,MET,2,0,0,2,2,2.3400000000000003,2,0,0,NA,1,0,0,0,0,0,2,1,0,1,0,0,0
Meghan   Huertas,CTW,F,18507478,2018-01-28,CTW,MET,1,1,0,2,2,1.7500000000000002,1,1,0,1,0,0,0,0,0,0,2,2,0,0,0,0,0
Rebecca Russo,MET,F,18507478,2018-01-28,CTW,MET,0,0,0,0,0,0.11,1,0,0,NA,0,0,0,0,0,0,0,0,0,0,1,0,0
Sam Faber,CTW,F,18507478,2018-01-28,CTW,MET,0,0,0,0,0,-0.17,0,0,0,NA,0,0,0,0,0,0,0,0,2,0,0,0,0
Tatiana Rafter,MET,F,18507478,2018-01-28,CTW,MET,0,0,1,1,0,0.99,1,0,0,NA,0,0,1,0,0,0,9,7,0,1,0,0,0
Kimberly Sass,MET,G,18507478,2018-01-28,CTW,MET,0,0,0,0,0,0.9400000000000004,0,0,0,NA,0,0,0,0,0,0,0,0,0,0,0,21,2
Sydney Rossman,CTW,G,18507478,2018-01-28,CTW,MET,0,0,0,0,0,1.3400000000000007,0,0,0,NA,0,0,0,0,0,0,0,0,0,0,0,31,3
Cydney Roesler,CTW,D,18507485,2018-03-11,CTW,BUF,0,0,0,0,0,0.11,1,0,0,NA,0,0,0,0,0,0,0,0,0,0,0,0,0
Elena Orlando,CTW,D,18507485,2018-03-11,CTW,BUF,0,0,0,0,0,0.11,1,0,0,NA,0,0,0,0,0,0,0,0,0,0,0,0,0
Emma Greco ,CTW,D,18507485,2018-03-11,CTW,BUF,0,1,0,1,1,0.58,1,0,0,NA,0,0,0,0,0,0,0,0,2,2,0,0,0
Hanna  Beattie,CTW,D,18507485,2018-03-11,CTW,BUF,0,0,0,0,0,0.22,2,0,0,NA,0,0,0,0,0,0,2,2,0,0,0,0,0
Jacquie Greco,BUF,D,18507485,2018-03-11,CTW,BUF,0,1,0,1,1,0.75,1,0,0,NA,0,0,0,0,0,0,0,0,0,1,0,0,0
Jordan Brickner,CTW,D,18507485,2018-03-11,CTW,BUF,0,0,0,0,0,0.22,2,0,0,NA,0,0,0,0,0,0,0,0,0,0,0,0,0
Sarah  Edney,BUF,D,18507485,2018-03-11,CTW,BUF,2,0,0,2,2,2,0,0,0,NA,1,0,0,0,0,0,0,0,0,2,0,0,0
Sarah Casorso,BUF,D,18507485,2018-03-11,CTW,BUF,0,0,0,0,0,-0.06000000000000001,1,0,0,NA,0,0,0,0,0,0,0,0,2,1,1,0,0
Shannon Doyle,CTW,D,18507485,2018-03-11,CTW,BUF,0,0,0,0,0,0.22,2,0,0,NA,0,0,0,0,0,0,0,0,0,2,0,0,0
Amanda Boulier,CTW,D|F,18507485,2018-03-11,CTW,BUF,1,0,0,1,1,1.06,6,0,0,NA,0,0,0,0,0,0,5,10,0,0,0,0,0
Corinne Buie,BUF,F,18507485,2018-03-11,CTW,BUF,0,0,0,0,0,-0.12,0,0,0,NA,0,0,0,0,0,0,0,1,0,1,0,0,0
Emily Fluke,CTW,F,18507485,2018-03-11,CTW,BUF,0,0,0,0,0,-0.13,1,0,0,NA,0,0,0,0,0,0,1,3,0,1,2,0,0
Grace Klienbach,CTW,F,18507485,2018-03-11,CTW,BUF,0,0,0,0,0,-0.05000000000000002,0,0,0,NA,0,0,0,0,0,0,2,1,2,0,0,0,0
Hayley  Scamurra,BUF,F,18507485,2018-03-11,CTW,BUF,1,0,0,1,1,1.4900000000000002,6,0,0,NA,0,0,0,0,0,0,0,0,2,0,0,0,0
Jamie Goldsmith,CTW,F,18507485,2018-03-11,CTW,BUF,0,0,0,0,0,0.59,1,0,0,NA,0,0,0,0,0,0,9,5,0,0,0,0,0
Jess Jones,BUF,F,18507485,2018-03-11,CTW,BUF,0,1,0,1,1,0.86,2,0,0,NA,0,1,0,0,0,0,0,0,0,1,0,0,0
Jordan  Juron ,BUF,F,18507485,2018-03-11,CTW,BUF,1,0,0,1,1,1,0,0,0,NA,0,0,0,0,0,0,0,0,0,0,0,0,0
Juana Baribeau,CTW,F,18507485,2018-03-11,CTW,BUF,0,0,0,0,0,-0.07,2,0,0,NA,0,0,0,0,0,0,0,1,2,0,0,0,0
Katherine Donohue,BUF,F,18507485,2018-03-11,CTW,BUF,0,0,0,0,0,0.12,0,0,0,NA,0,0,0,0,0,0,1,0,0,0,0,0,0
Kaycie Anderson,CTW,F,18507485,2018-03-11,CTW,BUF,0,0,0,0,0,0.33,3,0,0,NA,0,0,0,0,0,0,0,0,0,1,1,0,0
Kaylyn  Schroka,BUF,F,18507485,2018-03-11,CTW,BUF,0,0,1,1,0,0.040000000000000036,0,0,0,NA,0,0,1,0,0,0,2,7,0,1,0,0,0
Kelly Babstock,CTW,F,18507485,2018-03-11,CTW,BUF,0,0,0,0,0,1.31,8,0,0,NA,0,0,0,0,0,0,8,3,2,0,0,0,0
Kourtney Kunichika,BUF,F,18507485,2018-03-11,CTW,BUF,0,0,0,0,0,-0.29000000000000004,0,0,0,NA,0,0,0,0,0,0,0,1,2,1,0,0,0
Kristin Lewicki,BUF,F,18507485,2018-03-11,CTW,BUF,0,0,0,0,0,-0.01999999999999999,2,0,0,NA,0,0,0,0,0,0,7,9,0,0,0,0,0
Maddie  Elia,BUF,F,18507485,2018-03-11,CTW,BUF,0,1,0,1,1,1.8,4,0,0,NA,0,0,0,0,0,0,15,9,0,0,0,0,0
Sam Donovan,CTW,F,18507485,2018-03-11,CTW,BUF,0,0,1,1,0,0.75,1,0,0,NA,0,0,0,0,0,0,0,0,0,1,0,0,0
Taylor Accursi,BUF,F,18507485,2018-03-11,CTW,BUF,0,0,1,1,0,0.86,2,0,0,NA,0,0,0,0,0,0,0,0,0,0,0,0,0
Amanda Leveille,BUF,G,18507485,2018-03-11,CTW,BUF,0,0,0,0,0,3.4800000000000004,0,0,0,NA,0,0,0,0,0,0,0,0,0,0,0,32,1
Kelsey Neumann,BUF,G,18507485,2018-03-11,CTW,BUF,0,0,0,0,0,0,0,0,0,NA,0,0,0,0,0,0,0,0,0,0,0,0,0
Sydney Rossman,CTW,G,18507485,2018-03-11,CTW,BUF,0,0,0,0,0,-0.47999999999999954,0,0,0,NA,0,0,0,0,0,0,0,0,0,0,0,18,3
Colleen  Murphy,BUF,D,18507490,2018-01-14,CTW,BUF,0,0,1,1,0,0.75,1,1,0,1,0,0,0,0,0,0,0,0,0,1,0,0,0
Elena Orlando,CTW,D,18507490,2018-01-14,CTW,BUF,0,0,0,0,0,-0.009999999999999995,1,1,1,0.5,0,0,0,0,0,0,0,1,0,3,1,0,0
Hanna  Beattie,CTW,D,18507490,2018-01-14,CTW,BUF,0,0,0,0,0,0,0,0,1,0,0,0,0,0,0,0,0,0,0,0,0,0,0
Jacquie Greco,BUF,D,18507490,2018-01-14,CTW,BUF,0,0,0,0,0,0.11,1,1,1,0.5,0,0,0,0,0,0,0,0,0,0,0,0,0
Jordan Brickner,CTW,D,18507490,2018-01-14,CTW,BUF,0,0,0,0,0,0.33,3,1,2,0.3333333333333333,0,0,0,0,0,0,0,0,0,1,0,0,0
Jordyn Burns,BUF,D,18507490,2018-01-14,CTW,BUF,0,0,0,0,0,0,0,0,1,0,0,0,0,0,0,0,0,0,0,1,2,0,0
Lisa Chesson,BUF,D,18507490,2018-01-14,CTW,BUF,1,0,1,2,1,1.7500000000000002,1,2,1,0.6666666666666666,0,0,1,0,0,0,0,0,0,2,1,0,0
Rachael Ade,CTW,D,18507490,2018-01-14,CTW,BUF,0,0,0,0,0,0.33,3,2,1,0.6666666666666666,0,0,0,0,0,0,0,0,0,0,2,0,0
Sarah Casorso,BUF,D,18507490,2018-01-14,CTW,BUF,0,0,0,0,0,0.16,3,0,1,0,0,0,0,0,0,0,0,0,2,0,0,0,0
Shannon Doyle,CTW,D,18507490,2018-01-14,CTW,BUF,0,0,0,0,0,0.04999999999999999,2,0,1,0,0,0,0,0,0,0,0,0,2,3,0,0,0
Amanda Boulier,CTW,D|F,18507490,2018-01-14,CTW,BUF,0,2,0,2,2,1.3599999999999999,4,2,1,0.6666666666666666,0,0,0,0,0,0,7,10,0,0,0,0,0
Emily Fluke,CTW,F,18507490,2018-01-14,CTW,BUF,1,0,2,3,1,2.0300000000000002,1,2,1,0.6666666666666666,0,0,1,0,0,0,1,4,0,0,0,0,0
Jamie Goldsmith,CTW,F,18507490,2018-01-14,CTW,BUF,0,0,0,0,0,0.7599999999999999,3,0,2,0,0,0,0,0,0,0,10,5,2,0,1,0,0
Jordan  Juron ,BUF,F,18507490,2018-01-14,CTW,BUF,0,1,0,1,1,0.75,1,2,0,1,0,0,0,0,0,0,0,0,0,0,0,0,0
Jordan  Ott,BUF,F,18507490,2018-01-14,CTW,BUF,0,0,1,1,0,0.69,2,2,0,1,0,0,0,0,0,0,0,0,2,0,1,0,0
Juana Baribeau,CTW,F,18507490,2018-01-14,CTW,BUF,0,1,0,1,1,0.53,1,0,1,0,0,1,0,0,0,0,6,5,4,0,1,0,0
Katherine Donohue,BUF,F,18507490,2018-01-14,CTW,BUF,0,0,0,0,0,-0.36,0,1,1,0.5,0,0,0,0,0,0,2,5,0,0,0,0,0
Kaycie Anderson,CTW,F,18507490,2018-01-14,CTW,BUF,0,0,0,0,0,0.22,2,0,1,0,0,0,0,0,0,0,0,0,0,0,0,0,0
Kaylyn  Schroka,BUF,F,18507490,2018-01-14,CTW,BUF,0,0,0,0,0,0.1,2,1,1,0.5,0,0,0,0,0,0,3,4,0,2,0,0,0
Kourtney Kunichika,BUF,F,18507490,2018-01-14,CTW,BUF,0,1,0,1,1,0.8999999999999998,5,1,0,1,0,0,0,0,0,0,1,2,2,1,1,0,0
Kristin Lewicki,BUF,F,18507490,2018-01-14,CTW,BUF,0,0,0,0,0,-0.25,1,0,1,0,0,0,0,0,0,0,4,7,0,0,1,0,0
Maddie  Elia,BUF,F,18507490,2018-01-14,CTW,BUF,1,0,0,1,1,2.54,2,1,0,1,0,0,0,0,0,0,15,4,0,0,1,0,0
Meghan   Huertas,CTW,F,18507490,2018-01-14,CTW,BUF,1,0,0,1,1,0.47,2,2,0,1,0,0,0,0,0,0,5,7,6,2,0,0,0
Rebecca  Vint,BUF,F,18507490,2018-01-14,CTW,BUF,1,1,1,3,2,2.1,1,2,1,0.6666666666666666,0,1,0,0,0,0,2,3,2,0,0,0,0
Sam Faber,CTW,F,18507490,2018-01-14,CTW,BUF,1,0,0,1,1,1.22,2,0,2,0,1,0,0,0,0,0,0,0,0,0,0,0,0
Sarah Shureb,BUF,F,18507490,2018-01-14,CTW,BUF,0,0,0,0,0,0,0,0,1,0,0,0,0,0,0,0,0,0,0,0,0,0,0
Stephanie  Mock,CTW,F,18507490,2018-01-14,CTW,BUF,0,0,0,0,0,0,0,0,1,0,0,0,0,0,0,0,0,0,0,0,2,0,0
Taylor Accursi,BUF,F,18507490,2018-01-14,CTW,BUF,1,1,0,2,2,1.7600000000000002,0,1,1,0.5,1,0,0,0,0,0,5,4,0,0,1,0,0
Anya Battaglino ,CTW,F|D,18507490,2018-01-14,CTW,BUF,0,0,0,0,0,0,0,0,0,NA,0,0,0,0,0,0,0,0,0,0,1,0,0
Amanda Leveille,BUF,G,18507490,2018-01-14,CTW,BUF,0,0,0,0,0,0.3600000000000003,0,0,0,NA,0,0,0,0,0,0,0,0,0,0,0,24,3
Sydney Rossman,CTW,G,18507490,2018-01-14,CTW,BUF,0,0,0,0,0,-1.1999999999999997,0,0,0,NA,0,0,0,0,0,0,0,0,0,0,0,20,4
 Kelsey  Koelzer,MET,D,18507502,2017-10-28,MET,BOS,0,1,0,1,1,0.69,2,2,1,0.6666666666666666,0,0,0,0,0,0,0,0,2,1,0,0,0
Alyssa Gagliardi,BOS,D,18507502,2017-10-28,MET,BOS,0,0,0,0,0,0.45,3,0,1,0,0,0,0,0,0,0,1,0,0,1,0,0,0
Ashley Johnston,MET,D,18507502,2017-10-28,MET,BOS,0,0,0,0,0,0.22,2,2,0,1,0,0,0,0,0,0,0,0,0,0,0,0,0
Courtney Burke,MET,D,18507502,2017-10-28,MET,BOS,0,0,0,0,0,0,0,1,0,1,0,0,0,0,0,0,0,0,0,1,1,0,0
Jenny Ryan,MET,D,18507502,2017-10-28,MET,BOS,0,0,0,0,0,0.11,1,0,1,0,0,0,0,0,0,0,0,0,0,0,0,0,0
Kaliya Johnson,BOS,D,18507502,2017-10-28,MET,BOS,0,0,0,0,0,0.22,2,0,2,0,0,0,0,0,0,0,0,0,0,1,0,0,0
Kiira Dosdall,MET,D,18507502,2017-10-28,MET,BOS,0,0,0,0,0,-0.009999999999999995,1,0,0,NA,0,0,0,0,0,0,0,1,0,0,0,0,0
Lexi Bender,BOS,D,18507502,2017-10-28,MET,BOS,0,0,0,0,0,0.22,2,0,2,0,0,0,0,0,0,0,0,0,0,1,0,0,0
Marissa Gedman,BOS,D,18507502,2017-10-28,MET,BOS,0,0,0,0,0,0.11,1,0,0,NA,0,0,0,0,0,0,0,0,0,3,1,0,0
Michelle Picard,MET,D,18507502,2017-10-28,MET,BOS,0,0,0,0,0,0.04999999999999999,2,1,1,0.5,0,0,0,0,0,0,0,0,2,3,0,0,0
Paige Harrington,BOS,D,18507502,2017-10-28,MET,BOS,0,0,0,0,0,0.11,1,1,0,1,0,0,0,0,0,0,0,0,0,0,0,0,0
Rebecca Morse,MET,D,18507502,2017-10-28,MET,BOS,0,0,0,0,0,0.11,1,0,0,NA,0,0,0,0,0,0,0,0,0,0,0,0,0
Meagan Mangene,BOS,D|F,18507502,2017-10-28,MET,BOS,1,0,0,1,1,1.11,1,1,2,0.3333333333333333,0,0,0,0,0,0,0,0,0,0,0,0,0
Alexa Gruschow,MET,F,18507502,2017-10-28,MET,BOS,1,0,1,2,1,1.62,2,2,0,1,0,0,0,0,0,0,10,12,0,0,0,0,0
Bray Ketchum,MET,F,18507502,2017-10-28,MET,BOS,0,0,0,0,0,0.11,1,1,0,1,0,0,0,0,0,0,0,0,0,1,0,0,0
Dana Trivigno,BOS,F,18507502,2017-10-28,MET,BOS,0,0,0,0,0,0.8,4,0,4,0,0,0,0,0,0,0,9,6,0,1,0,0,0
Emily Field,BOS,F,18507502,2017-10-28,MET,BOS,0,0,0,0,0,0.11,1,0,3,0,0,0,0,0,0,0,0,0,0,1,0,0,0
Erika  Lawler,MET,F,18507502,2017-10-28,MET,BOS,0,0,0,0,0,-0.25,1,0,0,NA,0,0,0,0,0,0,11,14,0,1,0,0,0
Haley Skarupa,BOS,F,18507502,2017-10-28,MET,BOS,0,0,1,1,0,1.7400000000000002,10,0,4,0,0,0,0,0,0,0,0,0,0,0,0,0,0
Harrison Browne,MET,F,18507502,2017-10-28,MET,BOS,1,0,1,2,1,1.7500000000000002,1,2,0,1,0,0,0,1,0,0,0,0,0,0,0,0,0
Heather  Schwarz,BOS,F,18507502,2017-10-28,MET,BOS,0,1,0,1,1,0.86,2,1,1,0.5,0,0,0,0,0,0,0,0,0,0,0,0,0
Janine Weber,BOS,F,18507502,2017-10-28,MET,BOS,0,0,0,0,0,0.5299999999999999,2,1,0,1,0,0,0,0,0,0,10,6,2,1,0,0,0
Janine Weber,MET,F,18507502,2017-10-28,MET,BOS,0,0,0,0,0,0.5299999999999999,2,1,0,1,0,0,0,0,0,0,10,6,2,1,0,0,0
Jillian Dempsey,BOS,F,18507502,2017-10-28,MET,BOS,0,0,0,0,0,0.22999999999999998,1,0,1,0,0,0,0,0,0,0,11,10,0,0,0,0,0
Jordan Smelker,BOS,F,18507502,2017-10-28,MET,BOS,0,0,0,0,0,-0.24,0,0,1,0,0,0,0,0,0,0,0,2,0,1,0,0,0
Lindsey Hylwa,MET,F,18507502,2017-10-28,MET,BOS,0,0,0,0,0,0.11,1,0,0,NA,0,0,0,0,0,0,0,0,0,0,0,0,0
Miye D'Oench,MET,F,18507502,2017-10-28,MET,BOS,1,1,0,2,2,2.08,4,2,1,0.6666666666666666,0,0,0,0,0,0,0,0,0,1,0,0,0
Rebecca Russo,MET,F,18507502,2017-10-28,MET,BOS,1,0,0,1,1,1.33,3,2,0,1,0,0,0,0,0,0,0,0,0,0,0,0,0
Sydney   Daniels,BOS,F,18507502,2017-10-28,MET,BOS,0,0,0,0,0,0,0,1,0,1,0,0,0,0,0,0,0,0,0,0,0,0,0
Tatiana Rafter,MET,F,18507502,2017-10-28,MET,BOS,0,0,0,0,0,0.44,4,1,1,0.5,0,0,0,0,0,0,4,4,0,1,0,0,0
Brittany Ott,BOS,G,18507502,2017-10-28,MET,BOS,0,0,0,0,0,0.9200000000000004,0,0,0,NA,0,0,0,0,0,0,0,0,0,0,0,28,3
Katie  Fitzgerald,MET,G,18507502,2017-10-28,MET,BOS,0,0,0,0,0,3.2,0,0,0,NA,0,0,0,0,0,0,0,0,0,0,0,30,1
 Kelsey  Koelzer,MET,D,18507506,2017-12-03,MET,CTW,0,0,0,0,0,-0.17,0,1,0,1,0,0,0,0,0,0,0,0,2,1,0,0,0
Courtney Burke,MET,D,18507506,2017-12-03,MET,CTW,0,1,0,1,1,0.86,2,1,0,1,0,0,0,0,0,0,0,0,0,0,0,0,0
Cydney Roesler,CTW,D,18507506,2017-12-03,MET,CTW,0,0,0,0,0,0.22,2,0,1,0,0,0,0,0,0,0,0,0,0,1,0,0,0
Elena Orlando,CTW,D,18507506,2017-12-03,MET,CTW,0,0,0,0,0,0.11,1,0,2,0,0,0,0,0,0,0,0,0,0,1,0,0,0
Hanna  Beattie,CTW,D,18507506,2017-12-03,MET,CTW,0,0,0,0,0,0,0,0,1,0,0,0,0,0,0,0,0,0,0,0,0,0,0
Jenny Ryan,MET,D,18507506,2017-12-03,MET,CTW,0,0,1,1,0,0.86,2,1,0,1,0,0,0,0,0,0,0,0,0,0,0,0,0
Kiira Dosdall,MET,D,18507506,2017-12-03,MET,CTW,0,0,0,0,0,0.11,1,0,0,NA,0,0,0,0,0,0,0,0,0,1,0,0,0
Michelle Picard,MET,D,18507506,2017-12-03,MET,CTW,0,0,0,0,0,0.22,2,1,0,1,0,0,0,0,0,0,0,0,0,2,0,0,0
Rachael Ade,CTW,D,18507506,2017-12-03,MET,CTW,0,0,0,0,0,0,0,0,0,NA,0,0,0,0,0,0,0,0,0,0,1,0,0
Rebecca Morse,MET,D,18507506,2017-12-03,MET,CTW,0,0,0,0,0,0.11,1,1,0,1,0,0,0,0,0,0,0,0,0,1,0,0,0
Shannon Doyle,CTW,D,18507506,2017-12-03,MET,CTW,0,0,0,0,0,0.04999999999999999,2,0,0,NA,0,0,0,0,0,0,0,0,2,1,0,0,0
Amanda Boulier,CTW,D|F,18507506,2017-12-03,MET,CTW,0,0,0,0,0,0.22,2,0,2,0,0,0,0,0,0,0,1,1,0,2,0,0,0
Alexa Gruschow,MET,F,18507506,2017-12-03,MET,CTW,1,1,0,2,2,1.7500000000000002,1,2,0,1,0,0,0,0,0,0,9,9,0,0,0,0,0
Bray Ketchum,MET,F,18507506,2017-12-03,MET,CTW,1,0,0,1,1,1.22,2,2,0,1,1,0,0,0,0,0,0,0,0,3,0,0,0
Emily Fluke,CTW,F,18507506,2017-12-03,MET,CTW,0,0,0,0,0,0.33,3,0,1,0,0,0,0,0,0,0,1,1,0,0,0,0,0
Erika  Lawler,MET,F,18507506,2017-12-03,MET,CTW,0,0,1,1,0,0.86,2,0,0,NA,0,0,1,0,0,0,10,10,0,0,0,0,0
Grace Klienbach,CTW,F,18507506,2017-12-03,MET,CTW,0,0,0,0,0,-0.009999999999999995,1,0,0,NA,0,0,0,0,0,0,0,1,0,0,1,0,0
Harrison Browne,MET,F,18507506,2017-12-03,MET,CTW,0,0,0,0,0,0.22,2,0,0,NA,0,0,0,0,0,0,0,0,0,1,0,0,0
Jamie Goldsmith,CTW,F,18507506,2017-12-03,MET,CTW,0,0,0,0,0,-0.26,2,0,1,0,0,0,0,0,0,0,6,10,0,2,0,0,0
Juana Baribeau,CTW,F,18507506,2017-12-03,MET,CTW,0,0,0,0,0,0.45,3,0,0,NA,0,0,0,0,0,0,1,0,0,0,0,0,0
Kelly Babstock,CTW,F,18507506,2017-12-03,MET,CTW,0,0,0,0,0,1.11,4,0,2,0,0,0,0,0,0,0,11,4,2,1,0,0,0
Kelly Nash,MET,F,18507506,2017-12-03,MET,CTW,1,0,0,1,1,1,0,1,0,1,0,0,0,0,0,0,0,0,0,1,0,0,0
Madison Packer,MET,F,18507506,2017-12-03,MET,CTW,0,2,0,2,2,1.38,2,1,0,1,0,1,0,0,0,0,0,1,0,1,0,0,0
Miye D'Oench,MET,F,18507506,2017-12-03,MET,CTW,1,0,0,1,1,1,0,2,0,1,0,0,0,0,0,0,0,0,0,1,0,0,0
Paige Savage,CTW,F,18507506,2017-12-03,MET,CTW,0,0,0,0,0,0.11,1,0,1,0,0,0,0,0,0,0,0,0,0,2,0,0,0
Rebecca Russo,MET,F,18507506,2017-12-03,MET,CTW,0,0,0,0,0,-0.009999999999999995,1,0,0,NA,0,0,0,0,0,0,0,1,0,0,0,0,0
Sam Faber,CTW,F,18507506,2017-12-03,MET,CTW,0,0,0,0,0,0.11,1,0,0,NA,0,0,0,0,0,0,0,0,0,0,0,0,0
Stephanie  Mock,CTW,F,18507506,2017-12-03,MET,CTW,0,0,0,0,0,0.22,2,0,1,0,0,0,0,0,0,0,8,8,0,0,0,0,0
Tatiana Rafter,MET,F,18507506,2017-12-03,MET,CTW,0,0,0,0,0,0.33,3,1,0,1,0,0,0,0,0,0,7,7,0,0,0,0,0
Anya Battaglino ,CTW,F|D,18507506,2017-12-03,MET,CTW,0,0,0,0,0,-0.009999999999999995,1,0,2,0,0,0,0,0,0,0,0,1,0,0,0,0,0
Katie  Fitzgerald,MET,G,18507506,2017-12-03,MET,CTW,0,0,0,0,0,3.5000000000000004,0,0,0,NA,0,0,0,0,0,0,0,0,0,0,0,25,0
Sydney Rossman,CTW,G,18507506,2017-12-03,MET,CTW,0,0,0,0,0,-1.0599999999999996,0,0,0,NA,0,0,0,0,0,0,0,0,0,0,0,21,4
 Kelsey  Koelzer,MET,D,18507511,2017-12-10,MET,BUF,0,0,1,1,0,0.86,2,1,0,1,0,0,0,0,0,0,0,0,0,1,0,0,0
Colleen  Murphy,BUF,D,18507511,2017-12-10,MET,BUF,0,0,0,0,0,-0.29000000000000004,0,0,1,0,0,0,0,0,0,0,0,1,2,0,0,0,0
Courtney Burke,MET,D,18507511,2017-12-10,MET,BUF,0,0,2,2,0,1.55,4,0,0,NA,0,0,2,0,0,1,0,0,2,0,0,0,0
Jacquie Greco,BUF,D,18507511,2017-12-10,MET,BUF,0,0,0,0,0,0.11,1,1,1,0.5,0,0,0,0,0,0,0,0,0,0,0,0,0
Jenny Ryan,MET,D,18507511,2017-12-10,MET,BUF,0,1,0,1,1,1.08,4,0,0,NA,0,1,0,0,0,0,0,0,0,0,0,0,0
Jordyn Burns,BUF,D,18507511,2017-12-10,MET,BUF,0,0,0,0,0,0.11,1,1,0,1,0,0,0,0,0,0,0,0,0,2,0,0,0
Kiira Dosdall,MET,D,18507511,2017-12-10,MET,BUF,0,1,1,2,1,1.5,2,1,2,0.3333333333333333,0,1,0,0,1,0,0,0,0,0,0,0,0
Michelle Picard,MET,D,18507511,2017-12-10,MET,BUF,0,0,0,0,0,0.22,2,1,0,1,0,0,0,0,0,0,0,0,0,0,0,0,0
Rebecca Morse,MET,D,18507511,2017-12-10,MET,BUF,0,0,0,0,0,0.11,1,1,2,0.3333333333333333,0,0,0,0,0,0,0,0,0,0,0,0,0
Sarah  Edney,BUF,D,18507511,2017-12-10,MET,BUF,0,0,0,0,0,-0.06000000000000001,1,1,2,0.3333333333333333,0,0,0,0,0,0,0,0,2,0,0,0,0
Sarah Casorso,BUF,D,18507511,2017-12-10,MET,BUF,0,0,0,0,0,-0.06000000000000001,1,1,0,1,0,0,0,0,0,0,0,0,2,3,0,0,0
Alexa Gruschow,MET,F,18507511,2017-12-10,MET,BUF,0,0,0,0,0,1.0200000000000002,1,0,1,0,0,0,0,0,0,0,17,8,2,1,0,0,0
Bray Ketchum,MET,F,18507511,2017-12-10,MET,BUF,0,0,0,0,0,0.11,1,0,0,NA,0,0,0,0,0,0,0,0,0,1,0,0,0
Corinne Buie,BUF,F,18507511,2017-12-10,MET,BUF,0,0,0,0,0,0.09000000000000002,3,0,0,NA,0,0,0,0,0,0,0,2,0,0,0,0,0
Erika  Lawler,MET,F,18507511,2017-12-10,MET,BUF,0,0,0,0,0,0.7,2,1,0,1,0,0,0,0,0,0,9,5,0,0,0,0,0
Harrison Browne,BUF,F,18507511,2017-12-10,MET,BUF,0,1,0,1,1,0.75,1,1,1,0.5,0,0,0,0,0,0,0,0,0,0,0,0,0
Harrison Browne,MET,F,18507511,2017-12-10,MET,BUF,0,1,0,1,1,0.75,1,1,1,0.5,0,0,0,0,0,0,0,0,0,0,0,0,0
Jess Jones,BUF,F,18507511,2017-12-10,MET,BUF,1,0,0,1,1,1,0,1,1,0.5,0,0,0,0,0,0,0,0,0,0,0,0,0
Jordan  Ott,BUF,F,18507511,2017-12-10,MET,BUF,0,0,0,0,0,0.11,1,0,1,0,0,0,0,0,0,0,0,0,0,1,0,0,0
Kaylyn  Schroka,BUF,F,18507511,2017-12-10,MET,BUF,0,1,0,1,1,0.16000000000000003,0,1,0,1,0,0,0,0,0,0,0,4,0,2,0,0,0
Kelly Nash,MET,F,18507511,2017-12-10,MET,BUF,1,1,0,2,2,2.0700000000000003,5,1,2,0.3333333333333333,1,0,0,1,0,0,0,1,0,0,0,0,0
Kourtney Kunichika,BUF,F,18507511,2017-12-10,MET,BUF,0,1,0,1,1,0.63,1,1,2,0.3333333333333333,0,0,0,0,0,0,1,2,0,0,0,0,0
Kristin Lewicki,BUF,F,18507511,2017-12-10,MET,BUF,1,0,0,1,1,1.23,1,1,0,1,0,0,0,0,0,0,5,4,0,0,0,0,0
Maddie  Elia,BUF,F,18507511,2017-12-10,MET,BUF,0,0,0,0,0,0.05999999999999997,1,1,1,0.5,0,0,0,0,0,0,11,10,2,0,0,0,0
Madison Packer,MET,F,18507511,2017-12-10,MET,BUF,0,0,0,0,0,0.32,6,1,1,0.5,0,0,0,0,0,0,0,0,4,0,0,0,0
Miye D'Oench,MET,F,18507511,2017-12-10,MET,BUF,1,0,0,1,1,1.11,1,0,0,NA,1,0,0,0,0,0,0,0,0,0,0,0,0
Rebecca Russo,MET,F,18507511,2017-12-10,MET,BUF,1,0,0,1,1,1.33,3,1,0,1,0,0,0,0,0,0,1,1,0,0,0,0,0
Sarah Shureb,BUF,F,18507511,2017-12-10,MET,BUF,0,0,0,0,0,0.22,2,1,0,1,0,0,0,0,0,0,0,0,0,1,0,0,0
Tatiana Rafter,MET,F,18507511,2017-12-10,MET,BUF,1,0,0,1,1,0.6300000000000001,1,1,1,0.5,0,0,0,0,0,0,4,8,0,0,0,0,0
Taylor Accursi,BUF,F,18507511,2017-12-10,MET,BUF,0,0,0,0,0,-0.24,0,0,1,0,0,0,0,0,0,0,6,8,0,1,0,0,0
Amanda Leveille,BUF,G,18507511,2017-12-10,MET,BUF,0,0,0,0,0,1.040000000000001,0,0,0,NA,0,0,0,0,0,0,0,0,0,0,0,36,4
Katie  Fitzgerald,MET,G,18507511,2017-12-10,MET,BUF,0,0,0,0,0,-0.17999999999999972,0,0,0,NA,0,0,0,0,0,0,0,0,0,0,0,13,2
 Kelsey  Koelzer,MET,D,18507514,2018-01-07,MET,CTW,0,1,0,1,1,0.91,4,2,0,1,0,0,0,0,0,0,0,0,2,0,0,0,0
Ashley Johnston,MET,D,18507514,2018-01-07,MET,CTW,1,0,0,1,1,1,0,4,0,1,0,0,0,0,0,0,0,0,0,0,0,0,0
Courtney Burke,MET,D,18507514,2018-01-07,MET,CTW,1,0,0,1,1,1.05,2,0,0,NA,1,0,0,0,0,0,0,0,2,1,1,0,0
Cydney Roesler,CTW,D,18507514,2018-01-07,MET,CTW,0,0,0,0,0,-0.06000000000000001,1,0,3,0,0,0,0,0,0,0,0,0,2,0,1,0,0
Elena Orlando,CTW,D,18507514,2018-01-07,MET,CTW,0,0,0,0,0,0,0,0,3,0,0,0,0,0,0,0,0,0,0,1,0,0,0
Hanna  Beattie,CTW,D,18507514,2018-01-07,MET,CTW,0,0,0,0,0,0,0,0,1,0,0,0,0,0,0,0,0,0,0,0,0,0,0
Jenny Ryan,MET,D,18507514,2018-01-07,MET,CTW,0,1,0,1,1,1.19,5,0,0,NA,0,1,0,0,0,0,0,0,0,2,0,0,0
Jordan Brickner,CTW,D,18507514,2018-01-07,MET,CTW,0,0,0,0,0,0,0,0,3,0,0,0,0,0,0,0,0,0,0,1,1,0,0
Kiira Dosdall,MET,D,18507514,2018-01-07,MET,CTW,0,0,0,0,0,0.11,1,3,0,1,0,0,0,0,0,0,0,0,0,0,0,0,0
Michelle Picard,MET,D,18507514,2018-01-07,MET,CTW,0,0,0,0,0,-0.06000000000000001,1,1,0,1,0,0,0,0,0,0,0,0,2,0,0,0,0
Rachael Ade,CTW,D,18507514,2018-01-07,MET,CTW,0,0,0,0,0,0.11,1,0,1,0,0,0,0,0,0,0,0,0,0,0,0,0,0
Shannon Doyle,CTW,D,18507514,2018-01-07,MET,CTW,0,0,1,1,0,0.97,3,0,0,NA,0,0,1,0,0,0,0,0,0,0,0,0,0
Amanda Boulier,CTW,D|F,18507514,2018-01-07,MET,CTW,0,0,0,0,0,0.58,2,0,3,0,0,0,0,0,0,0,7,4,0,0,0,0,0
Alexa Gruschow,MET,F,18507514,2018-01-07,MET,CTW,0,0,2,2,0,1.4300000000000002,4,1,0,1,0,0,1,0,0,0,8,9,2,1,0,0,0
Bray Ketchum,MET,F,18507514,2018-01-07,MET,CTW,1,0,0,1,1,1,0,2,0,1,0,0,0,0,0,0,0,0,0,0,1,0,0
Emily Fluke,CTW,F,18507514,2018-01-07,MET,CTW,0,0,0,0,0,0.16,3,0,0,NA,0,0,0,0,0,0,0,0,2,0,0,0,0
Erika  Lawler,MET,F,18507514,2018-01-07,MET,CTW,0,1,1,2,1,1.38,2,2,0,1,0,0,0,0,0,0,5,6,0,0,0,0,0
Harrison Browne,MET,F,18507514,2018-01-07,MET,CTW,0,0,1,1,0,0.75,1,1,0,1,0,0,0,0,0,0,0,0,0,0,0,0,0
Jamie Goldsmith,CTW,F,18507514,2018-01-07,MET,CTW,1,0,0,1,1,2.42,2,0,1,0,1,0,0,0,0,0,15,5,0,1,0,0,0
Juana Baribeau,CTW,F,18507514,2018-01-07,MET,CTW,0,0,0,0,0,0.09999999999999998,4,0,3,0,0,0,0,0,0,0,0,0,4,0,0,0,0
Kaycie Anderson,CTW,F,18507514,2018-01-07,MET,CTW,0,0,0,0,0,0.11,1,0,0,NA,0,0,0,0,0,0,0,0,0,0,0,0,0
Kelly Babstock,CTW,F,18507514,2018-01-07,MET,CTW,0,0,0,0,0,0.74,5,0,4,0,0,0,0,0,0,0,5,2,2,0,0,0,0
Kelly Nash,MET,F,18507514,2018-01-07,MET,CTW,0,0,2,2,0,1.5,2,2,0,1,0,0,0,0,0,0,0,0,0,0,0,0,0
Madison Packer,MET,F,18507514,2018-01-07,MET,CTW,0,2,0,2,2,1.12,4,3,0,1,0,0,0,0,0,0,0,5,0,0,0,0,0
Meghan   Huertas,CTW,F,18507514,2018-01-07,MET,CTW,0,1,0,1,1,0.83,5,0,2,0,0,1,0,0,0,0,1,4,0,0,0,0,0
Miye D'Oench,MET,F,18507514,2018-01-07,MET,CTW,0,1,0,1,1,0.74,2,1,0,1,0,0,0,0,0,0,0,1,0,0,0,0,0
Rebecca Russo,MET,F,18507514,2018-01-07,MET,CTW,1,0,0,1,1,1.3399999999999999,2,1,0,1,0,0,0,0,0,0,1,0,0,0,0,0,0
Stephanie  Mock,CTW,F,18507514,2018-01-07,MET,CTW,0,0,0,0,0,-0.009999999999999995,1,0,1,0,0,0,0,0,0,0,3,4,0,0,0,0,0
Tatiana Rafter,MET,F,18507514,2018-01-07,MET,CTW,2,0,0,2,2,1.73,3,2,0,1,0,0,0,0,0,0,5,10,0,0,0,0,0
Katie  Fitzgerald,MET,G,18507514,2018-01-07,MET,CTW,0,0,0,0,0,2.9200000000000004,0,0,0,NA,0,0,0,0,0,0,0,0,0,0,0,28,1
Keira Goin,CTW,G,18507514,2018-01-07,MET,CTW,0,0,0,0,0,-0.86,0,0,0,NA,0,0,0,0,0,0,0,0,0,0,0,1,1
Sydney Rossman,CTW,G,18507514,2018-01-07,MET,CTW,0,0,0,0,0,-0.5199999999999996,0,0,0,NA,0,0,0,0,0,0,0,0,0,0,0,32,5
Alyssa Gagliardi,BOS,D,18507517,2018-01-21,MET,BOS,0,0,0,0,0,0.35,1,0,0,NA,0,0,0,0,0,0,2,0,0,3,0,0,0
Ashley Johnston,MET,D,18507517,2018-01-21,MET,BOS,0,0,1,1,0,0.75,1,2,0,1,0,0,0,0,0,0,0,0,0,0,1,0,0
Courtney Burke,MET,D,18507517,2018-01-21,MET,BOS,0,0,0,0,0,0.04999999999999999,2,0,0,NA,0,0,0,0,0,0,0,0,2,2,0,0,0
Jenny Ryan,MET,D,18507517,2018-01-21,MET,BOS,0,0,0,0,0,0.11,1,0,0,NA,0,0,0,0,0,0,0,0,0,0,0,0,0
Kaliya Johnson,BOS,D,18507517,2018-01-21,MET,BOS,0,0,0,0,0,0,0,0,0,NA,0,0,0,0,0,0,0,0,0,0,1,0,0
Kiira Dosdall,MET,D,18507517,2018-01-21,MET,BOS,0,1,0,1,1,0.86,2,2,0,1,0,0,0,0,0,0,0,0,0,1,0,0,0
Lexi Bender,BOS,D,18507517,2018-01-21,MET,BOS,0,0,0,0,0,0.22,2,0,0,NA,0,0,0,0,0,0,0,0,0,1,0,0,0
Michelle Picard,MET,D,18507517,2018-01-21,MET,BOS,0,0,0,0,0,0.22,2,0,0,NA,0,0,0,0,0,0,0,0,0,1,0,0,0
Paige Harrington,BOS,D,18507517,2018-01-21,MET,BOS,0,0,0,0,0,-0.17,0,0,2,0,0,0,0,0,0,0,0,0,2,1,0,0,0
Rebecca Morse,MET,D,18507517,2018-01-21,MET,BOS,0,0,0,0,0,-0.009999999999999995,1,0,0,NA,0,0,0,0,0,0,0,1,0,0,0,0,0
Meagan Mangene,BOS,D|F,18507517,2018-01-21,MET,BOS,0,0,0,0,0,0,0,0,0,NA,0,0,0,0,0,0,0,0,0,1,0,0,0
Alexa Gruschow,MET,F,18507517,2018-01-21,MET,BOS,0,0,0,0,0,-0.8200000000000001,0,0,0,NA,0,0,0,0,0,0,9,13,4,1,0,0,0
Bray Ketchum,MET,F,18507517,2018-01-21,MET,BOS,1,0,0,1,1,1.22,2,1,0,1,0,0,0,0,0,0,0,0,0,0,2,0,0
Corey  Stearns,BOS,F,18507517,2018-01-21,MET,BOS,0,0,0,0,0,0.35,1,0,1,0,0,0,0,0,0,0,5,3,0,1,0,0,0
Dana Trivigno,BOS,F,18507517,2018-01-21,MET,BOS,1,0,0,1,1,2.5500000000000003,3,0,1,0,1,0,0,0,0,0,18,5,4,1,0,0,0
Emily Field,BOS,F,18507517,2018-01-21,MET,BOS,0,0,0,0,0,0.21000000000000002,3,0,0,NA,0,0,0,0,0,0,0,1,0,0,0,0,0
Erika  Lawler,MET,F,18507517,2018-01-21,MET,BOS,0,0,0,0,0,-0.73,1,2,0,1,0,0,0,0,0,0,3,10,0,2,1,0,0
Harrison Browne,MET,F,18507517,2018-01-21,MET,BOS,0,0,0,0,0,-0.17,0,0,0,NA,0,0,0,0,0,0,0,0,2,0,0,0,0
Heather  Schwarz,BOS,F,18507517,2018-01-21,MET,BOS,0,0,0,0,0,0.11,1,0,1,0,0,0,0,0,0,0,0,0,0,0,0,0,0
Jillian Dempsey,BOS,F,18507517,2018-01-21,MET,BOS,0,0,0,0,0,0.09000000000000002,3,0,0,NA,0,0,0,0,0,0,7,9,0,0,0,0,0
Jordan Smelker,BOS,F,18507517,2018-01-21,MET,BOS,0,1,0,1,1,0.75,1,0,1,0,0,1,0,0,0,0,0,0,0,0,0,0,0
Kathryn Tomaselli,BOS,F,18507517,2018-01-21,MET,BOS,0,0,0,0,0,0.11,1,0,1,0,0,0,0,0,0,0,0,0,0,1,0,0,0
Kelly Nash,MET,F,18507517,2018-01-21,MET,BOS,0,0,0,0,0,0.22,2,1,0,1,0,0,0,0,0,0,0,0,0,1,0,0,0
Madison Packer,MET,F,18507517,2018-01-21,MET,BOS,1,0,0,1,1,0.91,4,1,0,1,0,0,0,0,0,0,0,3,2,1,0,0,0
Mary Parker,BOS,F,18507517,2018-01-21,MET,BOS,0,0,0,0,0,-0.18,1,0,0,NA,0,0,0,0,0,0,0,1,2,0,1,0,0
Michaela Levine,BOS,F,18507517,2018-01-21,MET,BOS,0,0,0,0,0,0,0,0,1,0,0,0,0,0,0,0,0,0,0,0,0,0,0
Rebecca Russo,MET,F,18507517,2018-01-21,MET,BOS,0,1,0,1,1,1.19,5,1,0,1,0,0,0,0,0,0,0,0,0,0,0,0,0
Tatiana Rafter,MET,F,18507517,2018-01-21,MET,BOS,0,0,0,0,0,0.5700000000000001,3,0,0,NA,0,0,0,0,0,0,7,5,0,0,0,0,0
Kaleigh Fratkin,BOS,F|D,18507517,2018-01-21,MET,BOS,0,0,1,1,0,0.69,2,0,2,0,0,0,1,0,0,0,0,0,2,1,0,0,0
Brianna  Laing,BOS,G,18507517,2018-01-21,MET,BOS,0,0,0,0,0,1.6400000000000006,0,0,0,NA,0,0,0,0,0,0,0,0,0,0,0,26,2
Katie  Fitzgerald,MET,G,18507517,2018-01-21,MET,BOS,0,0,0,0,0,1.6600000000000001,0,0,0,NA,0,0,0,0,0,0,0,0,0,0,0,19,1
Ashley Johnston,MET,D,18507523,2018-02-18,MET,CTW,0,0,0,0,0,0.22,2,1,0,1,0,0,0,0,0,0,0,0,0,1,0,0,0
Courtney Burke,MET,D,18507523,2018-02-18,MET,CTW,1,0,0,1,1,1.1600000000000001,3,1,0,1,1,0,0,0,0,0,0,0,2,2,1,0,0
Cydney Roesler,CTW,D,18507523,2018-02-18,MET,CTW,0,0,0,0,0,0.33,3,0,1,0,0,0,0,0,0,0,0,0,0,3,0,0,0
Elena Orlando,CTW,D,18507523,2018-02-18,MET,CTW,0,0,0,0,0,0,0,0,0,NA,0,0,0,0,0,0,0,0,0,2,0,0,0
Emma Greco ,CTW,D,18507523,2018-02-18,MET,CTW,0,0,0,0,0,0.16,3,0,1,0,0,0,0,0,0,0,0,0,2,2,0,0,0
Hanna  Beattie,CTW,D,18507523,2018-02-18,MET,CTW,0,0,0,0,0,-0.13,1,0,0,NA,0,0,0,0,0,0,3,5,0,1,0,0,0
Jenny Ryan,MET,D,18507523,2018-02-18,MET,CTW,0,0,1,1,0,0.64,0,1,0,1,0,0,1,0,0,0,0,0,0,0,0,0,0
Jordan Brickner,CTW,D,18507523,2018-02-18,MET,CTW,0,1,0,1,1,0.64,0,1,1,0.5,0,1,0,0,0,0,0,0,0,2,0,0,0
Kiira Dosdall,MET,D,18507523,2018-02-18,MET,CTW,0,0,1,1,0,0.75,1,1,0,1,0,0,0,0,0,0,0,0,0,0,0,0,0
Michelle Picard,MET,D,18507523,2018-02-18,MET,CTW,0,0,0,0,0,0.11,1,0,0,NA,0,0,0,0,0,0,0,0,0,1,0,0,0
Rachael Ade,CTW,D,18507523,2018-02-18,MET,CTW,0,0,0,0,0,-0.05000000000000002,0,0,0,NA,0,0,0,0,0,0,1,0,2,1,0,0,0
Rebecca Morse,MET,D,18507523,2018-02-18,MET,CTW,0,0,0,0,0,0,0,0,0,NA,0,0,0,0,0,0,0,0,0,1,0,0,0
Shannon Doyle,CTW,D,18507523,2018-02-18,MET,CTW,0,0,0,0,0,-0.17,0,1,1,0.5,0,0,0,0,0,0,0,0,2,1,0,0,0
Amanda Boulier,CTW,D|F,18507523,2018-02-18,MET,CTW,1,1,0,2,2,1.6900000000000002,7,1,1,0.5,1,0,0,0,0,0,1,7,0,0,0,0,0
Alexa Gruschow,MET,F,18507523,2018-02-18,MET,CTW,1,1,0,2,2,1.76,2,2,0,1,0,1,0,0,0,0,15,13,4,1,0,0,0
Bray Ketchum,MET,F,18507523,2018-02-18,MET,CTW,1,0,0,1,1,1.11,1,1,0,1,0,0,0,0,0,0,0,0,0,0,0,0,0
Emily Fluke,CTW,F,18507523,2018-02-18,MET,CTW,0,0,1,1,0,0.87,1,1,2,0.3333333333333333,0,0,0,0,0,0,1,0,0,0,0,0,0
Harrison Browne,MET,F,18507523,2018-02-18,MET,CTW,0,0,0,0,0,0.22,2,0,0,NA,0,0,0,0,0,0,0,0,0,0,0,0,0
Jamie Goldsmith,CTW,F,18507523,2018-02-18,MET,CTW,0,0,0,0,0,-0.36,0,0,1,0,0,0,0,0,0,0,6,9,0,1,0,0,0
Juana Baribeau,CTW,F,18507523,2018-02-18,MET,CTW,0,0,0,0,0,-0.13,1,0,0,NA,0,0,0,0,0,0,0,2,0,0,2,0,0
Kaycie Anderson,CTW,F,18507523,2018-02-18,MET,CTW,0,0,0,0,0,-0.06000000000000001,1,0,0,NA,0,0,0,0,0,0,0,0,2,1,1,0,0
Kelly Babstock,CTW,F,18507523,2018-02-18,MET,CTW,1,0,1,2,1,2.4200000000000004,6,1,1,0.5,0,0,1,0,0,0,9,8,0,1,0,0,0
Kelly Nash,MET,F,18507523,2018-02-18,MET,CTW,0,0,0,0,0,0.11,1,0,0,NA,0,0,0,0,0,0,0,0,0,0,0,0,0
Lauren Wash,MET,F,18507523,2018-02-18,MET,CTW,0,0,0,0,0,0.72,0,0,0,NA,0,0,0,0,0,0,8,2,0,0,0,0,0
Madison Packer,MET,F,18507523,2018-02-18,MET,CTW,0,2,0,2,2,1.45,4,1,0,1,0,1,0,0,0,0,3,1,6,0,0,0,0
Meghan   Huertas,CTW,F,18507523,2018-02-18,MET,CTW,0,0,0,0,0,-0.24,0,0,1,0,0,0,0,0,0,0,1,3,0,1,0,0,0
Rebecca Russo,MET,F,18507523,2018-02-18,MET,CTW,1,1,0,2,2,1.9700000000000002,3,2,0,1,1,0,0,0,0,0,0,0,0,2,0,0,0
Tatiana Rafter,MET,F,18507523,2018-02-18,MET,CTW,0,0,0,0,0,0.24,0,0,0,NA,0,0,0,0,0,0,8,6,0,0,0,0,0
Katie  Fitzgerald,MET,G,18507523,2018-02-18,MET,CTW,0,0,0,0,0,1.2200000000000002,0,0,0,NA,0,0,0,0,0,0,0,0,0,0,0,23,2
Sydney Rossman,CTW,G,18507523,2018-02-18,MET,CTW,0,0,0,0,0,-1.3399999999999999,0,0,0,NA,0,0,0,0,0,0,0,0,0,0,0,19,4
 Kelsey  Koelzer,MET,D,18507526,2018-03-04,MET,BUF,0,0,0,0,0,0.33,3,0,0,NA,0,0,0,0,0,0,0,0,0,3,0,0,0
Ashley Johnston,MET,D,18507526,2018-03-04,MET,BUF,0,0,0,0,0,0,0,0,1,0,0,0,0,0,0,0,0,0,0,2,0,0,0
Colleen  Murphy,BUF,D,18507526,2018-03-04,MET,BUF,0,0,1,1,0,0.52,0,2,0,1,0,0,0,0,0,0,0,1,0,1,0,0,0
Courtney Burke,MET,D,18507526,2018-03-04,MET,BUF,0,0,1,1,0,0.75,1,0,1,0,0,0,0,0,0,0,0,0,0,1,0,0,0
Jacquie Greco,BUF,D,18507526,2018-03-04,MET,BUF,0,0,0,0,0,0.11,1,0,1,0,0,0,0,0,0,0,0,0,0,1,0,0,0
Jenny Ryan,MET,D,18507526,2018-03-04,MET,BUF,0,0,0,0,0,0.99,9,1,1,0.5,0,0,0,0,0,0,0,0,0,2,2,0,0
Jordyn Burns,BUF,D,18507526,2018-03-04,MET,BUF,0,0,0,0,0,0,0,1,0,1,0,0,0,0,0,0,0,0,0,0,0,0,0
Kiira Dosdall,MET,D,18507526,2018-03-04,MET,BUF,0,0,0,0,0,0.11,1,1,1,0.5,0,0,0,0,0,0,0,0,0,0,0,0,0
Lisa Chesson,BUF,D,18507526,2018-03-04,MET,BUF,0,0,0,0,0,0.11,1,0,1,0,0,0,0,0,0,0,0,0,0,1,1,0,0
Michelle Picard,MET,D,18507526,2018-03-04,MET,BUF,0,0,0,0,0,0.44,4,0,0,NA,0,0,0,0,0,0,0,0,0,0,0,0,0
Sarah  Edney,BUF,D,18507526,2018-03-04,MET,BUF,0,0,0,0,0,0.22,2,0,0,NA,0,0,0,0,0,0,0,0,0,4,1,0,0
Sarah Casorso,BUF,D,18507526,2018-03-04,MET,BUF,0,1,0,1,1,0.86,2,1,0,1,0,0,0,0,0,0,0,0,0,0,0,0,0
Alexa Gruschow,MET,F,18507526,2018-03-04,MET,BUF,0,0,0,0,0,-0.13,3,1,0,1,0,0,0,0,0,0,11,12,4,1,0,0,0
Bray Ketchum,MET,F,18507526,2018-03-04,MET,BUF,0,0,0,0,0,0.33,3,0,2,0,0,0,0,0,0,0,0,0,0,1,2,0,0
Corinne Buie,BUF,F,18507526,2018-03-04,MET,BUF,1,0,1,2,1,1.86,2,2,1,0.6666666666666666,0,0,0,0,0,0,0,0,0,1,1,0,0
Erika  Lawler,MET,F,18507526,2018-03-04,MET,BUF,0,0,0,0,0,0.35,1,0,1,0,0,0,0,0,0,0,7,5,0,0,0,0,0
Hayley  Scamurra,BUF,F,18507526,2018-03-04,MET,BUF,0,0,0,0,0,0.33,3,0,0,NA,0,0,0,0,0,0,0,0,0,1,0,0,0
Hillary  Crowe,MET,F,18507526,2018-03-04,MET,BUF,0,0,0,0,0,0.33,3,0,0,NA,0,0,0,0,0,0,0,0,0,0,0,0,0
Jess Jones,BUF,F,18507526,2018-03-04,MET,BUF,0,1,0,1,1,0.3,0,2,1,0.6666666666666666,0,0,0,0,0,0,0,0,4,2,0,0,0
Jordan  Ott,BUF,F,18507526,2018-03-04,MET,BUF,0,0,0,0,0,0,0,0,0,NA,0,0,0,0,0,0,0,0,0,1,0,0,0
Kaylyn  Schroka,BUF,F,18507526,2018-03-04,MET,BUF,0,0,0,0,0,-0.6,0,0,0,NA,0,0,0,0,0,0,4,9,0,1,1,0,0
Kelly Nash,MET,F,18507526,2018-03-04,MET,BUF,0,0,0,0,0,0.44,4,0,2,0,0,0,0,0,0,0,0,0,0,0,0,0,0
Kourtney Kunichika,BUF,F,18507526,2018-03-04,MET,BUF,0,0,0,0,0,0.47,1,0,0,NA,0,0,0,0,0,0,14,11,0,0,0,0,0
Kristin Lewicki,BUF,F,18507526,2018-03-04,MET,BUF,1,0,0,1,1,1.09,3,2,1,0.6666666666666666,0,0,0,0,0,0,4,6,0,0,1,0,0
Madison Packer,MET,F,18507526,2018-03-04,MET,BUF,1,0,0,1,1,1.46,2,1,0,1,0,0,0,0,0,0,2,0,0,1,0,0,0
Rebecca Russo,MET,F,18507526,2018-03-04,MET,BUF,0,1,0,1,1,0.75,1,1,0,1,0,0,0,0,0,0,0,0,0,0,0,0,0
Sarah Shureb,BUF,F,18507526,2018-03-04,MET,BUF,0,0,0,0,0,0.33,3,0,0,NA,0,0,0,0,0,0,0,0,0,0,3,0,0
Tatiana Rafter,MET,F,18507526,2018-03-04,MET,BUF,0,0,0,0,0,0.24,0,0,0,NA,0,0,0,0,0,0,7,5,0,1,0,0,0
Taylor Accursi,BUF,F,18507526,2018-03-04,MET,BUF,0,0,0,0,0,0.55,5,0,0,NA,0,0,0,0,0,0,0,0,0,0,0,0,0
Amanda Leveille,BUF,G,18507526,2018-03-04,MET,BUF,0,0,0,0,0,3.9000000000000004,0,0,0,NA,0,0,0,0,0,0,0,0,0,0,0,35,1
Katie  Fitzgerald,MET,G,18507526,2018-03-04,MET,BUF,0,0,0,0,0,1.2200000000000002,0,0,0,NA,0,0,0,0,0,0,0,0,0,0,0,23,2
 Kelsey  Koelzer,MET,D,18507534,2017-11-04,BUF,MET,2,0,0,2,2,2.16,3,2,0,1,2,0,0,1,0,0,0,0,2,0,0,0,0
Ashley Johnston,MET,D,18507534,2017-11-04,BUF,MET,0,0,0,0,0,-0.17,0,0,0,NA,0,0,0,0,0,0,0,0,2,0,0,0,0
Colleen  Murphy,BUF,D,18507534,2017-11-04,BUF,MET,0,0,0,0,0,-0.17,0,0,2,0,0,0,0,0,0,0,0,0,2,3,0,0,0
Courtney Burke,MET,D,18507534,2017-11-04,BUF,MET,0,2,0,2,2,1.6600000000000001,5,0,0,NA,0,2,0,0,0,0,0,0,2,0,1,0,0
Jenny Ryan,MET,D,18507534,2017-11-04,BUF,MET,0,0,2,2,0,1.6600000000000001,5,1,0,1,0,0,2,0,0,0,0,0,2,1,0,0,0
Kayla Parsons,BUF,D,18507534,2017-11-04,BUF,MET,0,0,0,0,0,0,0,0,1,0,0,0,0,0,0,0,0,0,0,0,0,0,0
Kiira Dosdall,MET,D,18507534,2017-11-04,BUF,MET,0,1,0,1,1,0.69,2,0,0,NA,0,1,0,0,0,0,0,0,2,0,0,0,0
Lisa Chesson,BUF,D,18507534,2017-11-04,BUF,MET,0,0,0,0,0,-0.06000000000000001,1,0,0,NA,0,0,0,0,0,0,0,0,2,0,1,0,0
Michelle Picard,MET,D,18507534,2017-11-04,BUF,MET,0,0,1,1,0,0.75,1,1,0,1,0,0,0,0,0,0,0,0,0,0,0,0,0
Rebecca Morse,MET,D,18507534,2017-11-04,BUF,MET,0,0,0,0,0,0.11,1,0,0,NA,0,0,0,0,0,0,0,0,0,0,0,0,0
Sarah  Edney,BUF,D,18507534,2017-11-04,BUF,MET,0,0,1,1,0,0.86,2,0,1,0,0,0,1,0,0,0,0,0,0,0,0,0,0
Sarah Casorso,BUF,D,18507534,2017-11-04,BUF,MET,0,0,0,0,0,-0.68,0,0,1,0,0,0,0,0,0,0,0,0,8,1,0,0,0
Alexa Gruschow,MET,F,18507534,2017-11-04,BUF,MET,2,0,0,2,2,3.0100000000000002,2,2,0,1,0,0,0,0,0,0,16,8,2,0,0,0,0
Bray Ketchum,MET,F,18507534,2017-11-04,BUF,MET,0,0,1,1,0,0.74,2,1,0,1,0,0,0,0,0,0,0,1,0,1,0,0,0
Corinne Buie,BUF,F,18507534,2017-11-04,BUF,MET,1,0,0,1,1,0.99,3,0,2,0,0,0,0,0,0,0,1,1,4,1,0,0,0
Erika  Lawler,MET,F,18507534,2017-11-04,BUF,MET,0,0,0,0,0,-0.050000000000000044,2,0,0,NA,0,0,0,0,0,0,8,6,6,0,0,0,0
Harrison Browne,BUF,F,18507534,2017-11-04,BUF,MET,0,0,1,1,0,0.63,1,0,0,NA,0,0,1,0,0,0,0,1,0,0,0,0,0
Harrison Browne,MET,F,18507534,2017-11-04,BUF,MET,0,0,1,1,0,0.63,1,0,0,NA,0,0,1,0,0,0,0,1,0,0,0,0,0
Hayley  Scamurra,BUF,F,18507534,2017-11-04,BUF,MET,0,0,1,1,0,1.1400000000000001,5,0,1,0,0,0,0,0,0,0,2,1,2,0,0,0,0
Jess Jones,BUF,F,18507534,2017-11-04,BUF,MET,0,1,0,1,1,0.04999999999999999,1,0,2,0,0,1,0,0,0,0,0,3,4,1,0,0,0
Jessica Sibley,BUF,F,18507534,2017-11-04,BUF,MET,0,0,0,0,0,-0.48,0,0,0,NA,0,0,0,0,0,0,3,7,0,0,1,0,0
Jordan  Ott,BUF,F,18507534,2017-11-04,BUF,MET,0,0,0,0,0,0,0,0,0,NA,0,0,0,0,0,0,0,0,0,0,1,0,0
Katherine Donohue,BUF,F,18507534,2017-11-04,BUF,MET,0,0,0,0,0,0.36,0,0,0,NA,0,0,0,0,0,0,4,1,0,2,1,0,0
Kourtney Kunichika,BUF,F,18507534,2017-11-04,BUF,MET,0,1,0,1,1,0.28,0,0,1,0,0,0,0,0,0,0,3,6,0,0,0,0,0
Maddie  Elia,BUF,F,18507534,2017-11-04,BUF,MET,0,0,0,0,0,-0.8300000000000001,1,0,0,NA,0,0,0,0,0,0,3,8,4,1,1,0,0
Miye D'Oench,MET,F,18507534,2017-11-04,BUF,MET,1,3,0,4,4,3.5999999999999996,4,2,0,1,1,1,0,0,1,0,4,2,0,1,0,0,0
Rebecca  Vint,BUF,F,18507534,2017-11-04,BUF,MET,0,0,0,0,0,0.5899999999999999,3,0,1,0,0,0,0,0,0,0,10,5,4,0,0,0,0
Rebecca Russo,MET,F,18507534,2017-11-04,BUF,MET,1,0,0,1,1,1.11,1,0,0,NA,1,0,0,0,0,0,1,1,0,0,0,0,0
Tatiana Rafter,MET,F,18507534,2017-11-04,BUF,MET,0,0,0,0,0,-0.43000000000000005,2,0,0,NA,0,0,0,0,0,0,3,7,2,0,0,0,0
Taylor Accursi,BUF,F,18507534,2017-11-04,BUF,MET,1,0,0,1,1,0.83,0,0,1,0,1,0,0,0,0,0,0,0,2,0,1,0,0
Amanda Leveille,BUF,G,18507534,2017-11-04,BUF,MET,0,0,0,0,0,-1.6599999999999993,0,0,0,NA,0,0,0,0,0,0,0,0,0,0,0,31,6
Katie  Fitzgerald,MET,G,18507534,2017-11-04,BUF,MET,0,0,0,0,0,0.2400000000000002,0,0,0,NA,0,0,0,0,0,0,0,0,0,0,0,16,2
Alyssa Gagliardi,BOS,D,20847967,2018-03-04,BOS,CTW,0,0,0,0,0,0.22,2,0,0,NA,0,0,0,0,0,0,0,0,0,3,0,0,0
Cydney Roesler,CTW,D,20847967,2018-03-04,BOS,CTW,1,0,0,1,1,1.05,2,0,0,NA,0,0,0,0,0,0,0,0,2,0,0,0,0
Elena Orlando,CTW,D,20847967,2018-03-04,BOS,CTW,0,0,0,0,0,0,0,0,0,NA,0,0,0,0,0,0,0,0,0,2,0,0,0
Emma Greco ,CTW,D,20847967,2018-03-04,BOS,CTW,0,1,0,1,1,0.75,1,0,0,NA,0,0,0,0,0,0,0,0,0,0,1,0,0
Hanna  Beattie,CTW,D,20847967,2018-03-04,BOS,CTW,0,0,0,0,0,-0.13,1,0,0,NA,0,0,0,0,0,0,4,6,0,0,0,0,0
Jordan Brickner,CTW,D,20847967,2018-03-04,BOS,CTW,0,0,0,0,0,0,0,0,0,NA,0,0,0,0,0,0,0,0,0,2,0,0,0
Kaliya Johnson,BOS,D,20847967,2018-03-04,BOS,CTW,0,0,0,0,0,0,0,0,0,NA,0,0,0,0,0,0,0,0,0,1,0,0,0
Kaliya Johnson,CTW,D,20847967,2018-03-04,BOS,CTW,0,0,0,0,0,0,0,0,0,NA,0,0,0,0,0,0,0,0,0,1,0,0,0
Lexi Bender,BOS,D,20847967,2018-03-04,BOS,CTW,0,0,0,0,0,-0.06000000000000001,1,0,0,NA,0,0,0,0,0,0,0,0,2,0,0,0,0
Mallory Souliotis,BOS,D,20847967,2018-03-04,BOS,CTW,0,0,0,0,0,0.11,1,0,0,NA,0,0,0,0,0,0,0,0,0,0,1,0,0
Meagan Mangene,CTW,D,20847967,2018-03-04,BOS,CTW,0,0,0,0,0,0,0,0,0,NA,0,0,0,0,0,0,0,0,0,1,0,0,0
Rachael Ade,CTW,D,20847967,2018-03-04,BOS,CTW,0,0,1,1,0,0.86,2,0,0,NA,0,0,0,0,0,0,0,0,0,0,0,0,0
Shannon Doyle,CTW,D,20847967,2018-03-04,BOS,CTW,0,0,0,0,0,0.22,2,0,0,NA,0,0,0,0,0,0,0,0,0,1,1,0,0
Amanda Boulier,CTW,D|F,20847967,2018-03-04,BOS,CTW,0,0,0,0,0,0.5700000000000001,3,0,0,NA,0,0,0,0,0,0,8,6,0,0,0,0,0
Meagan Mangene,BOS,D|F,20847967,2018-03-04,BOS,CTW,0,0,0,0,0,0,0,0,0,NA,0,0,0,0,0,0,0,0,0,1,0,0,0
Corey  Stearns,BOS,F,20847967,2018-03-04,BOS,CTW,0,0,0,0,0,0.4099999999999999,2,0,0,NA,0,0,0,0,0,0,6,3,2,1,0,0,0
Dana Trivigno,BOS,F,20847967,2018-03-04,BOS,CTW,0,2,0,2,2,1.6,4,0,0,NA,0,0,0,0,0,0,8,9,0,0,0,0,0
Dana Trivigno,CTW,F,20847967,2018-03-04,BOS,CTW,0,2,0,2,2,1.6,4,0,0,NA,0,0,0,0,0,0,8,9,0,0,0,0,0
Emily Field,BOS,F,20847967,2018-03-04,BOS,CTW,0,0,1,1,0,0.64,0,0,0,NA,0,0,0,0,0,0,0,0,0,0,0,0,0
Emily Fluke,CTW,F,20847967,2018-03-04,BOS,CTW,1,0,0,1,1,0.98,2,0,0,NA,0,0,0,0,0,0,0,2,0,0,0,0,0
Heather  Schwarz,BOS,F,20847967,2018-03-04,BOS,CTW,0,0,0,0,0,0.11,1,0,0,NA,0,0,0,0,0,0,0,0,0,0,0,0,0
Jamie Goldsmith,CTW,F,20847967,2018-03-04,BOS,CTW,0,0,0,0,0,-0.03999999999999998,4,0,0,NA,0,0,0,0,0,0,5,9,0,1,0,0,0
Janine Weber,BOS,F,20847967,2018-03-04,BOS,CTW,0,0,2,2,0,1.04,0,0,0,NA,0,0,0,0,0,0,0,2,0,1,0,0,0
Jillian Dempsey,BOS,F,20847967,2018-03-04,BOS,CTW,1,0,0,1,1,1.4700000000000002,1,0,0,NA,0,0,0,0,0,0,16,13,0,3,0,0,0
Jordan Smelker,BOS,F,20847967,2018-03-04,BOS,CTW,2,0,0,2,2,2,0,0,0,NA,0,0,0,0,0,0,0,0,0,0,0,0,0
Juana Baribeau,CTW,F,20847967,2018-03-04,BOS,CTW,0,0,0,0,0,0.44,4,0,0,NA,0,0,0,0,0,0,1,1,0,0,0,0,0
Kaycie Anderson,CTW,F,20847967,2018-03-04,BOS,CTW,0,0,0,0,0,0.11,1,0,0,NA,0,0,0,0,0,0,0,0,0,0,0,0,0
Kelly Babstock,CTW,F,20847967,2018-03-04,BOS,CTW,0,0,0,0,0,0.28,3,0,0,NA,0,0,0,0,0,0,7,6,2,1,0,0,0
Mary Parker,BOS,F,20847967,2018-03-04,BOS,CTW,0,1,0,1,1,0.64,0,0,0,NA,0,0,0,0,0,0,0,0,0,0,0,0,0
Sam Donovan,CTW,F,20847967,2018-03-04,BOS,CTW,0,0,0,0,0,0.24,0,0,0,NA,0,0,0,0,0,0,2,0,0,0,1,0,0
Sam Faber,CTW,F,20847967,2018-03-04,BOS,CTW,0,0,0,0,0,0.11,1,0,0,NA,0,0,0,0,0,0,0,0,0,1,1,0,0
Kaleigh Fratkin,BOS,F|D,20847967,2018-03-04,BOS,CTW,0,0,0,0,0,0,0,0,0,NA,0,0,0,0,0,0,0,0,0,2,0,0,0
Brittany Ott,BOS,G,20847967,2018-03-04,BOS,CTW,0,0,0,0,0,1.6400000000000006,0,0,0,NA,0,0,0,0,0,0,0,0,0,0,0,26,2
Sydney Rossman,CTW,G,20847967,2018-03-04,BOS,CTW,0,0,0,0,0,-1.3199999999999998,0,0,0,NA,0,0,0,0,0,0,0,0,0,0,0,12,3
