id,roster_id,jersey_number,updated_on,created_on,content_node_id,active_status,first_name,last_name,roster_type,list_position,status,thumbnail,url,position,image_id,Season,title
13720130,2109789,34,2017-03-09T01:49:33Z,2016-08-17T15:09:24Z,23385833,TRUE,Amanda,Makel,player,1,active,/app_images/no_photo_neutral_30.svg,https://www.nwhl.zone/roster_players/13720130,G,NA,2015,NA
13720131,2109789,5,2017-04-27T18:49:48Z,2016-08-17T15:09:25Z,23385834,TRUE,Courtney,Carnes,player,1,active,/app_images/no_photo_neutral_30.svg,https://www.nwhl.zone/roster_players/13720131,F,NA,2015,NA
13720132,2109789,15,2017-04-27T18:49:42Z,2016-08-17T15:09:25Z,23385835,TRUE,Annmarie,Cellino,player,1,active,/app_images/no_photo_neutral_30.svg,https://www.nwhl.zone/roster_players/13720132,F,NA,2015,NA
13720133,2109789,21,2017-03-31T15:25:29Z,2016-08-17T15:09:25Z,23385836,TRUE,Devon,Skeats,player,1,active,/app_images/no_photo_neutral_30.svg,https://www.nwhl.zone/roster_players/13720133,F,NA,2015,NA
13720134,2109789,29,2017-03-31T15:26:26Z,2016-08-17T15:09:25Z,23385837,TRUE,Brianne,Mclaughlin,player,1,active,/app_images/no_photo_neutral_30.svg,https://www.nwhl.zone/roster_players/13720134,G,NA,2015,NA
13720135,2109789,7,2018-08-16T14:15:53Z,2016-08-17T15:09:25Z,23385838,TRUE,Emily,Pfalzer,player,1,active,/app_images/no_photo_neutral_30.svg,https://www.nwhl.zone/roster_players/13720135,D,NA,2015,NA
13720136,2109789,20,2017-03-09T04:31:26Z,2016-08-17T15:09:25Z,23385839,TRUE,Erin,Zach,player,1,active,/app_images/no_photo_neutral_30.svg,https://www.nwhl.zone/roster_players/13720136,F,NA,2015,NA
13720137,2109789,24,2017-03-31T15:25:57Z,2016-08-17T15:09:25Z,23385840,TRUE,Hailey,Browne,player,1,active,/app_images/no_photo_neutral_30.svg,https://www.nwhl.zone/roster_players/13720137,F,NA,2015,NA
13720138,2109789,12,2017-03-09T02:41:31Z,2016-08-17T15:09:25Z,23385841,TRUE,Hannah,McGowan,player,1,active,/app_images/no_photo_neutral_30.svg,https://www.nwhl.zone/roster_players/13720138,F,NA,2015,NA
13720139,2109789,77,2017-07-17T12:35:01Z,2016-08-17T15:09:25Z,23385842,TRUE,Hayley,Williams,player,1,active,/app_images/no_photo_neutral_30.svg,https://www.nwhl.zone/roster_players/13720139,F,NA,2015,NA
13720140,2109789,3,2017-04-27T18:40:15Z,2016-08-17T15:09:25Z,23385843,TRUE,Kelley,Steadman,player,1,active,/app_images/no_photo_neutral_30.svg,https://www.nwhl.zone/roster_players/13720140,F,NA,2015,NA
13720141,2109789,6,2017-03-09T04:22:14Z,2016-08-17T15:09:25Z,23385844,TRUE,Jessica,Fickel,player,1,active,/app_images/no_photo_neutral_30.svg,https://www.nwhl.zone/roster_players/13720141,F,NA,2015,NA
13720142,2109789,14,2017-03-09T04:30:56Z,2016-08-17T15:09:25Z,23385845,TRUE,Kelly,McDonald,player,1,active,/app_images/no_photo_neutral_30.svg,https://www.nwhl.zone/roster_players/13720142,D,NA,2015,NA
13720143,2109789,1,2017-10-25T20:01:03Z,2016-08-17T15:09:25Z,23385846,TRUE,Kimberly,Sass,player,1,active,/app_images/no_photo_neutral_30.svg,https://www.nwhl.zone/roster_players/13720143,G,NA,2015,NA
13720144,2109789,36,2017-03-31T15:26:43Z,2016-08-17T15:09:25Z,23385847,TRUE,Kourtney,Kunichika,player,1,active,/app_images/no_photo_neutral_30.svg,https://www.nwhl.zone/roster_players/13720144,F,NA,2015,NA
13720145,2109789,26,2017-04-27T18:49:39Z,2016-08-17T15:09:25Z,23385848,TRUE,Maggie,Giamo,player,1,active,/app_images/no_photo_neutral_30.svg,https://www.nwhl.zone/roster_players/13720145,F,NA,2015,NA
13720146,2109789,9,2017-03-31T15:24:41Z,2016-08-17T15:09:25Z,23385849,TRUE,Megan,Bozek,player,1,active,/app_images/no_photo_neutral_30.svg,https://www.nwhl.zone/roster_players/13720146,D,NA,2015,NA
13720147,2109789,23,2017-03-09T01:49:33Z,2016-08-17T15:09:25Z,23385850,TRUE,Lindsay,Grigg,player,1,active,/app_images/no_photo_neutral_30.svg,https://www.nwhl.zone/roster_players/13720147,D,NA,2015,NA
13720148,2109789,10,2017-04-27T18:47:51Z,2016-08-17T15:09:26Z,23385851,TRUE,Meghan,Duggan,player,1,active,/app_images/no_photo_neutral_30.svg,https://www.nwhl.zone/roster_players/13720148,F,NA,2015,NA
13720149,2109789,2,2017-03-31T15:23:52Z,2016-08-17T15:09:26Z,23385852,TRUE,Paige,Harrington,player,1,active,/app_images/no_photo_neutral_30.svg,https://www.nwhl.zone/roster_players/13720149,D,NA,2015,NA
13720150,2109789,13,2017-03-09T04:31:54Z,2016-08-17T15:09:26Z,23385853,TRUE,Shelby,Bram,player,1,active,/app_images/no_photo_neutral_30.svg,https://www.nwhl.zone/roster_players/13720150,F,NA,2015,NA
13720151,2109789,43,2017-03-31T15:26:55Z,2016-08-17T15:09:26Z,23385854,TRUE,Tatiana,Rafter,player,1,active,/app_images/no_photo_neutral_30.svg,https://www.nwhl.zone/roster_players/13720151,F,NA,2015,NA
13719921,2109788,2,2018-01-24T14:34:43Z,2016-08-17T14:57:22Z,23385482,TRUE,Alyssa,Gagliardi,player,1,active,/app_images/no_photo_neutral_30.svg,https://www.nwhl.zone/roster_players/13719921,D,NA,2015,NA
13719922,2109788,14,2017-04-27T18:36:16Z,2016-08-17T14:57:22Z,23385483,TRUE,Brianna,Decker,player,1,active,/app_images/no_photo_neutral_30.svg,https://www.nwhl.zone/roster_players/13719922,F,NA,2015,NA
13719923,2109788,29,2018-01-24T14:31:25Z,2016-08-17T14:57:22Z,23385484,TRUE,Brittany,Ott,player,1,active,/app_images/no_photo_neutral_30.svg,https://www.nwhl.zone/roster_players/13719923,G,NA,2015,NA
13719924,2109788,10,2017-04-27T18:36:16Z,2016-08-17T14:57:22Z,23385485,TRUE,Blake,Bolden,player,1,active,/app_images/no_photo_neutral_30.svg,https://www.nwhl.zone/roster_players/13719924,D,NA,2015,NA
13719925,2109788,16,2018-08-20T13:27:42Z,2016-08-17T14:57:22Z,23385486,TRUE,Amanda,Pelkey,player,1,active,/app_images/no_photo_neutral_30.svg,https://www.nwhl.zone/roster_players/13719925,F,NA,2015,NA
13719926,2109788,7,2017-04-27T18:49:20Z,2016-08-17T14:57:22Z,23385487,TRUE,Casey,Pickett,player,1,active,/app_images/no_photo_neutral_30.svg,https://www.nwhl.zone/roster_players/13719926,F,NA,2015,NA
13719927,2109788,23,2018-01-24T14:31:59Z,2016-08-17T14:57:23Z,23385489,TRUE,Corinne,Buie,player,1,active,/app_images/no_photo_neutral_30.svg,https://www.nwhl.zone/roster_players/13719927,F,NA,2015,NA
13719928,2109788,18,2017-04-27T18:49:26Z,2016-08-17T14:57:23Z,23385488,TRUE,Cherie,Hendrickson,player,1,active,/app_images/no_photo_neutral_30.svg,https://www.nwhl.zone/roster_players/13719928,D,NA,2015,NA
13719929,2109788,24,2017-04-27T18:49:32Z,2016-08-17T14:57:23Z,23385490,TRUE,Denna,Laing,player,1,active,/app_images/no_photo_neutral_30.svg,https://www.nwhl.zone/roster_players/13719929,F,NA,2015,NA
13719930,2109788,15,2018-01-24T14:32:24Z,2016-08-17T14:57:23Z,23385491,TRUE,Emily,Field,player,1,active,/app_images/no_photo_neutral_30.svg,https://www.nwhl.zone/roster_players/13719930,F,NA,2015,NA
13719931,2109788,19,2017-04-27T18:36:17Z,2016-08-17T14:57:23Z,23385492,TRUE,Gigi,Marvin,player,1,active,/app_images/no_photo_neutral_30.svg,https://www.nwhl.zone/roster_players/13719931,D,NA,2015,NA
13719932,2109788,0,2017-04-27T18:50:28Z,2016-08-17T14:57:23Z,23385493,TRUE,Hayley,Moore,player,1,active,/app_images/no_photo_neutral_30.svg,https://www.nwhl.zone/roster_players/13719932,F,NA,2015,NA
13719933,2109788,21,2017-04-27T18:36:17Z,2016-08-17T14:57:23Z,23385494,TRUE,Hilary,Knight,player,1,active,https://cdn2.sportngin.com/attachments/roster_player_info/6841/7936/HKnight_small.jpg,https://www.nwhl.zone/roster_players/13719933,F,68417936,2015,NA
13719934,2109788,3,2018-01-24T14:32:53Z,2016-08-17T14:57:23Z,23385495,TRUE,Jillian,Dempsey,player,1,active,/app_images/no_photo_neutral_30.svg,https://www.nwhl.zone/roster_players/13719934,F,NA,2015,NA
13719935,2109788,11,2018-01-24T14:33:23Z,2016-08-17T14:57:23Z,23385496,TRUE,Jordan,Smelker,player,1,active,/app_images/no_photo_neutral_30.svg,https://www.nwhl.zone/roster_players/13719935,F,NA,2015,NA
13719936,2109788,30,2017-04-27T18:51:08Z,2016-08-17T14:57:23Z,23385497,TRUE,Lauren,Slebodnick,player,1,active,/app_images/no_photo_neutral_30.svg,https://www.nwhl.zone/roster_players/13719936,G,NA,2015,NA
13719937,2109788,5,2017-04-27T18:36:16Z,2016-08-17T14:57:23Z,23385498,TRUE,Kelly,Cooke,player,1,active,/app_images/no_photo_neutral_30.svg,https://www.nwhl.zone/roster_players/13719937,F,NA,2015,NA
13719938,2109788,22,2017-04-27T18:36:17Z,2016-08-17T14:57:23Z,23385499,TRUE,Kacey,Bellamy,player,1,active,/app_images/no_photo_neutral_30.svg,https://www.nwhl.zone/roster_players/13719938,D,NA,2015,NA
13719939,2109788,12,2017-04-27T18:36:16Z,2016-08-17T14:57:23Z,23385500,TRUE,Marissa,Gedman,player,1,active,/app_images/no_photo_neutral_30.svg,https://www.nwhl.zone/roster_players/13719939,D,NA,2015,NA
13719940,2109788,57,2018-01-24T14:53:08Z,2016-08-17T14:57:23Z,23385501,TRUE,Meagan,Mangene,player,1,active,/app_images/no_photo_neutral_30.svg,https://www.nwhl.zone/roster_players/13719940,F|D,NA,2015,NA
13719941,2109788,44,2017-04-27T18:36:17Z,2016-08-17T14:57:24Z,23385502,TRUE,Zoe,Hickel,player,1,active,/app_images/no_photo_neutral_30.svg,https://www.nwhl.zone/roster_players/13719941,F,NA,2015,NA
13719942,2109788,91,2017-04-27T18:36:17Z,2016-08-17T14:57:24Z,23385503,TRUE,Rachel,Llanes,player,1,active,/app_images/no_photo_neutral_30.svg,https://www.nwhl.zone/roster_players/13719942,F,NA,2015,NA
13720110,2109788,1,2017-04-27T18:51:05Z,2016-08-17T15:06:27Z,23385781,TRUE,Kelsie,Fralick,player,1,active,/app_images/no_photo_neutral_30.svg,https://www.nwhl.zone/roster_players/13720110,G,NA,2015,NA
13720438,2109791,2,2017-04-27T18:36:14Z,2016-08-17T15:27:29Z,23386309,TRUE,Amber,Moore,player,1,active,/app_images/no_photo_neutral_30.svg,https://www.nwhl.zone/roster_players/13720438,D,NA,2015,NA
13720439,2109791,17,2017-04-27T18:36:15Z,2016-08-17T15:27:29Z,23386310,TRUE,Bray,Ketchum,player,1,active,/app_images/no_photo_neutral_30.svg,https://www.nwhl.zone/roster_players/13720439,F,NA,2015,NA
13720440,2109791,10,2017-04-27T18:36:15Z,2016-08-17T15:27:29Z,23386311,TRUE,Ashley,Johnston,player,1,active,https://cdn1.sportngin.com/attachments/roster_player_info/8128/1612/Johnston_10_NYR_HS_small.jpg,https://www.nwhl.zone/roster_players/13720440,D,81281612,2015,NA
13720441,2109791,20,2017-04-27T18:36:15Z,2016-08-17T15:27:29Z,23386312,TRUE,Brooke,Ammerman,player,1,active,/app_images/no_photo_neutral_30.svg,https://www.nwhl.zone/roster_players/13720441,F,NA,2015,NA
13720442,2109791,28,2017-04-27T18:36:16Z,2016-08-17T15:27:29Z,23386313,TRUE,Beth,Hanrahan,player,1,active,/app_images/no_photo_neutral_30.svg,https://www.nwhl.zone/roster_players/13720442,F,NA,2015,NA
13720443,2109791,24,2017-04-27T18:36:15Z,2016-08-17T15:27:29Z,23386314,TRUE,Celeste,Brown,player,1,active,/app_images/no_photo_neutral_30.svg,https://www.nwhl.zone/roster_players/13720443,F,NA,2015,NA
13720444,2109791,78,2017-04-27T18:51:07Z,2016-08-17T15:27:29Z,23386315,TRUE,Chelsea,Laden,player,1,active,/app_images/no_photo_neutral_30.svg,https://www.nwhl.zone/roster_players/13720444,G,NA,2015,NA
13720445,2109791,13,2017-04-27T18:13:02Z,2016-08-17T15:27:29Z,23386316,TRUE,Cherie,Stewart,player,1,active,/app_images/no_photo_neutral_30.svg,https://www.nwhl.zone/roster_players/13720445,F,NA,2015,NA
13720446,2109791,31,2016-09-03T03:42:49Z,2016-08-17T15:27:29Z,23386317,TRUE,Corinne,Boyles,player,1,active,/app_images/no_photo_neutral_30.svg,https://www.nwhl.zone/roster_players/13720446,G,NA,2015,NA
13720447,2109791,4,2017-04-27T18:36:14Z,2016-08-17T15:27:29Z,23386318,TRUE,Elena,Orlando,player,1,active,/app_images/no_photo_neutral_30.svg,https://www.nwhl.zone/roster_players/13720447,D,NA,2015,NA
13720448,2109791,22,2016-08-22T18:15:50Z,2016-08-17T15:27:30Z,23386319,TRUE,Erin,Barley-Malone,player,1,active,/app_images/no_photo_neutral_30.svg,https://www.nwhl.zone/roster_players/13720448,F,NA,2015,NA
13720449,2109791,21,2017-04-27T18:36:15Z,2016-08-17T15:27:30Z,23386320,TRUE,Gabie,Figueroa,player,1,active,/app_images/no_photo_neutral_30.svg,https://www.nwhl.zone/roster_players/13720449,D,NA,2015,NA
13720450,2109791,12,2018-01-24T14:50:23Z,2016-08-17T15:27:30Z,23386321,TRUE,Janine,Weber,player,1,active,/app_images/no_photo_neutral_30.svg,https://www.nwhl.zone/roster_players/13720450,F,NA,2015,NA
13720451,2109791,30,2017-04-27T18:36:18Z,2016-08-17T15:27:30Z,23386322,TRUE,Jenny,Scrivens,player,1,active,/app_images/no_photo_neutral_30.svg,https://www.nwhl.zone/roster_players/13720451,G,NA,2015,NA
13720452,2109791,9,2017-04-27T18:36:15Z,2016-08-17T15:27:30Z,23386324,TRUE,Ludmila,Belyakova,player,1,active,/app_images/no_photo_neutral_30.svg,https://www.nwhl.zone/roster_players/13720452,F,NA,2015,NA
13720453,2109791,26,2017-04-27T18:36:15Z,2016-08-17T15:27:30Z,23386323,TRUE,Kiira,Dosdall,player,1,active,/app_images/no_photo_neutral_30.svg,https://www.nwhl.zone/roster_players/13720453,D,NA,2015,NA
13720454,2109791,14,2017-04-27T18:36:15Z,2016-08-17T15:27:30Z,23386325,TRUE,Madison,Packer,player,1,active,/app_images/no_photo_neutral_30.svg,https://www.nwhl.zone/roster_players/13720454,F,NA,2015,NA
13720455,2109791,19,2016-09-04T16:14:00Z,2016-08-17T15:27:30Z,23386326,TRUE,Margot,Scharfe,player,1,active,/app_images/no_photo_neutral_30.svg,https://www.nwhl.zone/roster_players/13720455,F,NA,2015,NA
13720456,2109791,18,2017-04-27T18:36:15Z,2016-08-17T15:27:30Z,23386327,TRUE,Meghan,Fardelmann,player,1,active,/app_images/no_photo_neutral_30.svg,https://www.nwhl.zone/roster_players/13720456,F,NA,2015,NA
13720457,2109791,11,2017-03-31T15:28:06Z,2016-08-17T15:27:30Z,23386328,TRUE,Moran,Fritz-Ward,player,1,active,/app_images/no_photo_neutral_30.svg,https://www.nwhl.zone/roster_players/13720457,F,NA,2015,NA
13720458,2109791,8,2017-04-27T18:36:14Z,2016-08-17T15:27:30Z,23386329,TRUE,Sydney,Kidd,player,1,active,/app_images/no_photo_neutral_30.svg,https://www.nwhl.zone/roster_players/13720458,D,NA,2015,NA
13720459,2109791,33,2017-04-27T18:13:05Z,2016-08-17T15:27:30Z,23386330,TRUE,Nana,Fujimoto,player,1,active,/app_images/no_photo_neutral_30.svg,https://www.nwhl.zone/roster_players/13720459,G,NA,2015,NA
13720460,2109791,91,2017-04-27T18:36:16Z,2016-08-17T15:27:30Z,23386331,TRUE,Taylor,Holze,player,1,active,/app_images/no_photo_neutral_30.svg,https://www.nwhl.zone/roster_players/13720460,F,NA,2015,NA
13751027,2109791,1,2017-03-31T15:14:42Z,2016-08-18T20:15:45Z,23430281,TRUE,Shenae,Lundberg,player,1,active,/app_images/no_photo_neutral_30.svg,https://www.nwhl.zone/roster_players/13751027,G,NA,2015,NA
13720278,2109790,88,2017-04-27T18:43:55Z,2016-08-17T15:19:22Z,23386060,TRUE,Alyssa,Wohlfeiler,player,1,active,/app_images/no_photo_neutral_30.svg,https://www.nwhl.zone/roster_players/13720278,F|D,NA,2015,NA
13720279,2109790,22,2017-03-07T03:54:44Z,2016-08-17T15:19:22Z,23386061,TRUE,Danielle,Ward,player,1,active,/app_images/no_photo_neutral_30.svg,https://www.nwhl.zone/roster_players/13720279,F,NA,2015,NA
13720280,2109790,4,2017-04-27T18:45:04Z,2016-08-17T15:19:22Z,23386062,TRUE,Anya,Battaglino,player,1,active,/app_images/no_photo_neutral_30.svg,https://www.nwhl.zone/roster_players/13720280,F|D,NA,2015,NA
13720281,2109790,19,2017-03-07T02:57:38Z,2016-08-17T15:19:22Z,23386063,TRUE,Brittany,Dougherty,player,1,active,/app_images/no_photo_neutral_30.svg,https://www.nwhl.zone/roster_players/13720281,F,NA,2015,NA
13720282,2109790,32,2017-03-07T03:56:41Z,2016-08-17T15:19:22Z,23386064,TRUE,Jaimie,Leonoff,player,1,active,/app_images/no_photo_neutral_30.svg,https://www.nwhl.zone/roster_players/13720282,G,NA,2015,NA
13720283,2109790,13,2017-11-30T17:08:16Z,2016-08-17T15:19:22Z,23386065,TRUE,Kaleigh,Fratkin,player,1,active,/app_images/no_photo_neutral_30.svg,https://www.nwhl.zone/roster_players/13720283,D,NA,2015,NA
13720284,2109790,26,2017-03-31T15:17:13Z,2016-08-17T15:19:22Z,23386066,TRUE,Jordan,Brickner,player,1,active,/app_images/no_photo_neutral_30.svg,https://www.nwhl.zone/roster_players/13720284,D,NA,2015,NA
13720285,2109790,56,2017-03-07T03:57:23Z,2016-08-17T15:19:22Z,23386067,TRUE,Jessica,Koizumi,player,1,active,/app_images/no_photo_neutral_30.svg,https://www.nwhl.zone/roster_players/13720285,F,NA,2015,NA
13720286,2109790,5,2017-03-07T03:57:23Z,2016-08-17T15:19:22Z,23386068,TRUE,Kate,Buesser,player,1,active,/app_images/no_photo_neutral_30.svg,https://www.nwhl.zone/roster_players/13720286,F,NA,2015,NA
13720287,2109790,18,2017-04-27T18:45:16Z,2016-08-17T15:19:23Z,23386069,TRUE,Katia,Pashkevitch,player,1,active,/app_images/no_photo_neutral_30.svg,https://www.nwhl.zone/roster_players/13720287,D,NA,2015,NA
13720288,2109790,61,2017-03-31T15:18:02Z,2016-08-17T15:19:23Z,23386070,TRUE,Kelli,Stack,player,1,active,/app_images/no_photo_neutral_30.svg,https://www.nwhl.zone/roster_players/13720288,F,NA,2015,NA
13720289,2109790,8,2018-01-24T14:47:05Z,2016-08-17T15:19:23Z,23386071,TRUE,Kelly,Babstock,player,1,active,/app_images/no_photo_neutral_30.svg,https://www.nwhl.zone/roster_players/13720289,F,NA,2015,NA
13720290,2109790,10,2017-04-27T18:45:12Z,2016-08-17T15:19:23Z,23386072,TRUE,Lindsay,Berman,player,1,active,/app_images/no_photo_neutral_30.svg,https://www.nwhl.zone/roster_players/13720290,D,NA,2015,NA
13720291,2109790,44,2017-04-27T18:45:33Z,2016-08-17T15:19:23Z,23386073,TRUE,Tara,Tomimoto,player,1,active,/app_images/no_photo_neutral_30.svg,https://www.nwhl.zone/roster_players/13720291,D,NA,2015,NA
13720292,2109790,16,2017-11-06T03:19:09Z,2016-08-17T15:19:23Z,23386074,TRUE,Micaela,Long,player,1,active,/app_images/no_photo_neutral_30.svg,https://www.nwhl.zone/roster_players/13720292,F,NA,2015,NA
13720293,2109790,9,2017-04-03T17:48:26Z,2016-08-17T15:19:23Z,23386075,TRUE,Molly,Engstrom,player,1,active,/app_images/no_photo_neutral_30.svg,https://www.nwhl.zone/roster_players/13720293,D,NA,2015,NA
13720294,2109790,24,2017-03-31T15:17:00Z,2016-08-17T15:19:23Z,23386076,TRUE,Nicole,Stock,player,1,active,/app_images/no_photo_neutral_30.svg,https://www.nwhl.zone/roster_players/13720294,G,NA,2015,NA
13720295,2109790,28,2018-01-24T14:51:37Z,2016-08-17T15:19:23Z,23386077,TRUE,Sam,Faber,player,1,active,/app_images/no_photo_neutral_30.svg,https://www.nwhl.zone/roster_players/13720295,F,NA,2015,NA
13720296,2109790,6,2017-03-31T15:15:39Z,2016-08-17T15:19:23Z,23386078,TRUE,Shannon,Doyle,player,1,active,/app_images/no_photo_neutral_30.svg,https://www.nwhl.zone/roster_players/13720296,D,NA,2015,NA
13720297,2109790,1,2017-03-31T15:14:42Z,2016-08-17T15:19:23Z,23386079,TRUE,Shenae,Lundberg,player,1,active,/app_images/no_photo_neutral_30.svg,https://www.nwhl.zone/roster_players/13720297,G,NA,2015,NA
13720298,2109790,27,2017-03-31T15:17:27Z,2016-08-17T15:19:23Z,23386080,TRUE,Shiann,Darkangelo,player,1,active,/app_images/no_photo_neutral_30.svg,https://www.nwhl.zone/roster_players/13720298,F,NA,2015,NA
13720299,2109790,17,2017-11-06T03:19:09Z,2016-08-17T15:19:23Z,23386081,TRUE,Yekaterina,Smolentseva,player,1,active,/app_images/no_photo_neutral_30.svg,https://www.nwhl.zone/roster_players/13720299,F,NA,2015,NA
13751010,2109790,78,2017-04-27T18:45:37Z,2016-08-18T20:15:05Z,23430257,TRUE,Chelsea,Laden,player,1,active,/app_images/no_photo_neutral_30.svg,https://www.nwhl.zone/roster_players/13751010,G,NA,2015,NA
13721017,2109530,9,2017-06-14T18:00:56Z,2016-08-17T15:59:30Z,23387259,TRUE,Megan,Bozek,player,1,active,https://cdn4.sportngin.com/attachments/roster_player_info/7072/8395/unspecified-4_small.jpeg,https://www.nwhl.zone/roster_players/13721017,D,70728395,2016,NA
13721018,2109530,24,2018-07-31T16:31:44Z,2016-08-17T15:59:30Z,23387260,TRUE,Harrison,Browne,player,1,active,https://cdn1.sportngin.com/attachments/roster_player_info/7072/8676/unspecified-10_small.jpeg,https://www.nwhl.zone/roster_players/13721018,F,70728676,2016,NA
13721019,2109530,23,2018-07-30T15:33:08Z,2016-08-17T15:59:30Z,23387261,TRUE,Corinne,Buie,player,1,active,https://cdn3.sportngin.com/attachments/roster_player_info/7072/8660/unspecified-9_small.jpeg,https://www.nwhl.zone/roster_players/13721019,F,70728660,2016,NA
13721020,2109530,17,2018-01-24T14:47:34Z,2016-08-17T15:59:30Z,23387262,TRUE,Jordyn,Burns,player,1,active,https://cdn4.sportngin.com/attachments/roster_player_info/7072/8585/unspecified-7_small.jpeg,https://www.nwhl.zone/roster_players/13721020,D,70728585,2016,NA
13721021,2109530,10,2018-07-31T16:17:36Z,2016-08-17T15:59:30Z,23387263,TRUE,Sarah,Casorso,player,1,active,https://cdn3.sportngin.com/attachments/roster_player_info/7072/8511/unspecified-5_small.jpeg,https://www.nwhl.zone/roster_players/13721021,D,70728511,2016,NA
13721022,2109530,11,2018-07-30T15:25:57Z,2016-08-17T15:59:31Z,23387264,TRUE,Lisa,Chesson,player,1,active,https://cdn1.sportngin.com/attachments/roster_player_info/7072/8570/unspecified-6_small.jpeg,https://www.nwhl.zone/roster_players/13721022,D,70728570,2016,NA
13721023,2109530,27,2017-04-21T17:50:39Z,2016-08-17T15:59:31Z,23387265,TRUE,Shiann,Darkangelo,player,1,active,https://cdn4.sportngin.com/attachments/roster_player_info/7072/8748/unspecified-12_small.jpeg,https://www.nwhl.zone/roster_players/13721023,F,70728748,2016,NA
13721024,2109530,2,2017-10-18T18:10:49Z,2016-08-17T15:59:31Z,23387266,TRUE,Paige,Harrington,player,1,active,https://cdn3.sportngin.com/attachments/roster_player_info/7072/7953/unspecified_small.jpeg,https://www.nwhl.zone/roster_players/13721024,D,70727953,2016,NA
13721025,2109530,4,2018-07-16T17:21:49Z,2016-08-17T15:59:31Z,23387267,TRUE,Emily,Janiga,player,1,active,https://cdn3.sportngin.com/attachments/roster_player_info/7072/7964/unspecified-1_small.jpeg,https://www.nwhl.zone/roster_players/13721025,F,70727964,2016,NA
13721026,2109530,36,2017-10-05T19:09:59Z,2016-08-17T15:59:31Z,23387269,TRUE,Kourtney,Kunichika,player,1,active,https://cdn4.sportngin.com/attachments/roster_player_info/7072/8833/unspecified-15_small.jpeg,https://www.nwhl.zone/roster_players/13721026,F,70728833,2016,NA
13721027,2109530,8,2017-10-05T19:08:18Z,2016-08-17T15:59:31Z,23387270,TRUE,Kristina,Lavoie,player,1,active,https://cdn4.sportngin.com/attachments/roster_player_info/8196/8401/unspecified-1_small.jpeg,https://www.nwhl.zone/roster_players/13721027,D,81968401,2016,NA
13721028,2109530,28,2018-07-30T17:26:15Z,2016-08-17T15:59:31Z,23387271,TRUE,Amanda,Leveille,player,1,active,https://cdn3.sportngin.com/attachments/roster_player_info/7072/8788/unspecified-13_small.jpeg,https://www.nwhl.zone/roster_players/13721028,G,70728788,2016,NA
13721029,2109530,29,2017-10-05T19:11:05Z,2016-08-17T15:59:32Z,23387272,TRUE,Brianne,McLaughlin,player,1,active,https://cdn3.sportngin.com/attachments/roster_player_info/7196/0685/unspecified-1_small.jpeg,https://www.nwhl.zone/roster_players/13721029,G,71960685,2016,NA
13721030,2109530,7,2017-06-14T16:55:10Z,2016-08-17T15:59:32Z,23387273,TRUE,Emily,Pfalzer,player,1,active,https://cdn2.sportngin.com/attachments/roster_player_info/7072/8041/unspecified-3_small.jpeg,https://www.nwhl.zone/roster_players/13721030,D,70728041,2016,NA
13721032,2109530,21,2017-10-05T19:09:16Z,2016-08-17T15:59:32Z,23387275,TRUE,Devon,Skeats,player,1,active,https://cdn2.sportngin.com/attachments/roster_player_info/7072/8620/unspecified-8_small.jpeg,https://www.nwhl.zone/roster_players/13721032,F,70728620,2016,NA
13721033,2109530,3,2017-06-14T16:40:53Z,2016-08-17T15:59:32Z,23387276,TRUE,Kelley,Steadman,player,1,active,https://cdn1.sportngin.com/attachments/roster_player_info/7196/0705/unspecified-4_small.jpeg,https://www.nwhl.zone/roster_players/13721033,F,71960705,2016,NA
14024136,2109530,6,2017-06-14T16:47:35Z,2016-08-30T02:18:23Z,23793521,TRUE,Ashley,Vesci,player,1,active,https://cdn4.sportngin.com/attachments/roster_player_info/7072/8108/unspecified-2_small.jpeg,https://www.nwhl.zone/roster_players/14024136,F,70728108,2016,NA
14024226,2109530,25,2018-07-30T15:42:39Z,2016-08-30T02:19:30Z,23793623,TRUE,Jacquie,Greco,player,1,active,https://cdn3.sportngin.com/attachments/roster_player_info/7072/8711/unspecified-11_small.jpeg,https://www.nwhl.zone/roster_players/14024226,D,70728711,2016,NA
14024378,2109530,31,2017-10-10T16:03:24Z,2016-08-30T02:21:44Z,23793807,TRUE,Kelsey,Neumann,player,1,active,https://cdn1.sportngin.com/attachments/roster_player_info/7072/8797/unspecified-14_small.jpeg,https://www.nwhl.zone/roster_players/14024378,G,70728797,2016,NA
14024403,2109530,87,2017-04-21T17:57:49Z,2016-08-30T02:23:08Z,23793845,TRUE,Morgan,Beikirich,player,1,active,https://cdn2.sportngin.com/attachments/roster_player_info/7205/4556/unspecified-5_medium_small.jpeg,https://www.nwhl.zone/roster_players/14024403,F,72054556,2016,NA
14024795,2109530,22,2017-10-18T15:48:17Z,2016-08-30T02:34:11Z,23794361,TRUE,Kayla,Parsons,player,1,active,https://cdn4.sportngin.com/attachments/roster_player_info/8196/8376/unspecified_small.jpeg,https://www.nwhl.zone/roster_players/14024795,D,81968376,2016,NA
16885102,2109530,14,2018-07-30T15:28:27Z,2017-03-11T23:56:59Z,27998278,TRUE,Hayley,Scamurra,player,3,active,https://cdn2.sportngin.com/attachments/roster_player_info/7948/6312/download_medium_small.jpeg,https://www.nwhl.zone/roster_players/16885102,F,79486312,2016,NA
13720970,2109529,22,2017-06-14T15:25:48Z,2016-08-17T15:54:25Z,23387169,TRUE,Kacey,Bellamy,player,1,active,https://cdn3.sportngin.com/attachments/roster_player_info/7033/3025/unspecified-11_small.jpeg,https://www.nwhl.zone/roster_players/13720970,D,70333025,2016,NA
13720971,2109529,5,2018-01-24T14:46:41Z,2016-08-17T15:54:25Z,23387170,TRUE,Alexandra,Bender,player,1,active,https://cdn3.sportngin.com/attachments/roster_player_info/7033/2679/unspecified-4_small.jpeg,https://www.nwhl.zone/roster_players/13720971,D,70332679,2016,NA
13720972,2109529,10,2017-06-13T19:13:52Z,2016-08-17T15:54:25Z,23387171,TRUE,Blake,Bolden,player,1,active,https://cdn3.sportngin.com/attachments/roster_player_info/7227/8291/Bolden_small.JPG,https://www.nwhl.zone/roster_players/13720972,D,72278291,2016,NA
13720973,2109529,25,2017-10-05T19:11:05Z,2016-08-17T15:54:26Z,23387172,TRUE,Alex,Carpenter,player,1,active,https://cdn1.sportngin.com/attachments/roster_player_info/7033/3133/unspecified-12_small.jpeg,https://www.nwhl.zone/roster_players/13720973,F,70333133,2016,NA
13720974,2109529,14,2017-10-05T19:11:05Z,2016-08-17T15:54:26Z,23387173,TRUE,Brianna,Decker,player,1,active,https://cdn3.sportngin.com/attachments/roster_player_info/7033/2750/unspecified-6_small.jpeg,https://www.nwhl.zone/roster_players/13720974,F,70332750,2016,NA
13720975,2109529,3,2018-01-24T14:32:54Z,2016-08-17T15:54:26Z,23387174,TRUE,Jillian,Dempsey,player,1,active,https://cdn1.sportngin.com/attachments/roster_player_info/7033/2525/unspecified-2_small.jpeg,https://www.nwhl.zone/roster_players/13720975,F,70332525,2016,NA
13720976,2109529,17,2017-06-14T14:37:00Z,2016-08-17T15:54:26Z,23387175,TRUE,Meghan,Duggan,player,1,active,https://cdn2.sportngin.com/attachments/roster_player_info/7033/2854/unspecified-8_small.jpeg,https://www.nwhl.zone/roster_players/13720976,F,70332854,2016,NA
13720977,2109529,15,2018-07-30T14:45:46Z,2016-08-17T15:54:26Z,23387176,TRUE,Emily,Field,player,1,active,https://cdn2.sportngin.com/attachments/roster_player_info/7033/2781/unspecified-7_small.jpeg,https://www.nwhl.zone/roster_players/13720977,F,70332781,2016,NA
13720978,2109529,2,2018-07-30T14:40:49Z,2016-08-17T15:54:26Z,23387177,TRUE,Alyssa,Gagliardi,player,1,active,https://cdn1.sportngin.com/attachments/roster_player_info/7033/2470/unspecified_small.jpeg,https://www.nwhl.zone/roster_players/13720978,D,70332470,2016,NA
13720980,2109529,21,2017-06-14T15:22:35Z,2016-08-17T15:54:27Z,23387179,TRUE,Hilary,Knight,player,1,active,https://cdn4.sportngin.com/attachments/roster_player_info/7033/2119/unspecified_small.jpeg,https://www.nwhl.zone/roster_players/13720980,F,70332119,2016,NA
13720981,2109529,91,2017-10-05T19:08:18Z,2016-08-17T15:54:27Z,23387180,TRUE,Rachel,Llanes,player,1,active,https://cdn1.sportngin.com/attachments/roster_player_info/7033/3508/unspecified-6_small.jpeg,https://www.nwhl.zone/roster_players/13720981,F,70333508,2016,NA
13720982,2109529,19,2017-10-05T19:08:58Z,2016-08-17T15:54:27Z,23387181,TRUE,Gigi,Marvin,player,1,active,https://cdn3.sportngin.com/attachments/roster_player_info/7033/2945/unspecified-10_small.jpeg,https://www.nwhl.zone/roster_players/13720982,D,70332945,2016,NA
13720983,2109529,29,2018-01-24T14:31:25Z,2016-08-17T15:54:27Z,23387182,TRUE,Brittany,Ott,player,1,active,https://cdn4.sportngin.com/attachments/roster_player_info/7033/3438/unspecified-2_small.jpeg,https://www.nwhl.zone/roster_players/13720983,G,70333438,2016,NA
13720984,2109529,16,2017-06-14T14:19:30Z,2016-08-17T15:54:27Z,23387183,TRUE,Amanda,Pelkey,player,1,active,https://cdn3.sportngin.com/attachments/roster_player_info/7227/8422/Pelkey_small.JPG,https://www.nwhl.zone/roster_players/13720984,F,72278422,2016,NA
13720985,2109529,30,2017-06-14T15:58:06Z,2016-08-17T15:54:27Z,23387184,TRUE,Lauren,Slebodnick,player,1,active,https://cdn1.sportngin.com/attachments/roster_player_info/7033/3457/unspecified-3_small.jpeg,https://www.nwhl.zone/roster_players/13720985,G,70333457,2016,NA
13720986,2109529,11,2018-01-24T14:33:24Z,2016-08-17T15:54:27Z,23387185,TRUE,Jordan,Smelker,player,1,active,https://cdn3.sportngin.com/attachments/roster_player_info/7227/8398/Smelker_small.JPG,https://www.nwhl.zone/roster_players/13720986,F,72278398,2016,NA
14023587,2109529,12,2017-12-04T20:25:30Z,2016-08-30T02:09:40Z,23792877,TRUE,Marissa,Gedman,player,1,active,https://cdn1.sportngin.com/attachments/roster_player_info/7227/8369/Gedman_small.JPG,https://www.nwhl.zone/roster_players/14023587,D,72278369,2016,NA
14023652,2109529,27,2017-10-18T17:59:07Z,2016-08-30T02:10:53Z,23792961,TRUE,Kathryn,Tomaselli,player,1,active,https://cdn3.sportngin.com/attachments/roster_player_info/7033/3358/unspecified_small.jpeg,https://www.nwhl.zone/roster_players/14023652,F,70333358,2016,NA
14023841,2109529,18,2017-10-18T17:48:53Z,2016-08-30T02:13:20Z,23793166,TRUE,Michaela,Levine,player,1,active,https://cdn1.sportngin.com/attachments/roster_player_info/7033/2871/unspecified-9_small.jpeg,https://www.nwhl.zone/roster_players/14023841,F,70332871,2016,NA
14205573,2109529,13,2017-06-13T19:54:59Z,2016-09-06T17:38:57Z,24033325,TRUE,Lindsay,Berman,player,1,active,https://cdn4.sportngin.com/attachments/roster_player_info/7033/2711/unspecified-5_small.jpeg,https://www.nwhl.zone/roster_players/14205573,D,70332711,2016,NA
14205614,2109529,4,2017-06-13T18:47:05Z,2016-09-06T17:40:08Z,24033389,TRUE,Maggie,Taverna,player,1,active,https://cdn2.sportngin.com/attachments/roster_player_info/7033/2659/unspecified-3_small.jpeg,https://www.nwhl.zone/roster_players/14205614,F|D,70332659,2016,NA
14205618,2109529,33,2017-06-14T15:59:58Z,2016-09-06T17:40:46Z,24033407,TRUE,Natalie,Robinson,player,1,active,https://cdn2.sportngin.com/attachments/roster_player_info/7033/3483/unspecified-4_small.jpeg,https://www.nwhl.zone/roster_players/14205618,G,70333483,2016,NA
14343975,2109529,24,2017-10-18T17:55:48Z,2016-09-12T15:21:36Z,24227081,TRUE,Denna,Laing,player,1,active,https://cdn4.sportngin.com/attachments/roster_player_info/7033/3617/BOS_headshots1_small.jpg,https://www.nwhl.zone/roster_players/14343975,F,70333617,2016,NA
16833332,2109529,7,2017-10-25T17:28:18Z,2017-03-08T23:22:06Z,27919615,TRUE,Mary,Parker,player,4,active,https://cdn4.sportngin.com/attachments/roster_player_info/7930/5760/MP-HS_medium_small.jpg,https://www.nwhl.zone/roster_players/16833332,F,79305760,2016,NA
13721058,2109534,6,2018-01-24T14:34:07Z,2016-08-17T16:00:27Z,23387307,TRUE,Courtney,Burke,player,1,active,https://cdn3.sportngin.com/attachments/roster_player_info/7036/0729/Burke_6_NYR_HS_small.jpg,https://www.nwhl.zone/roster_players/13721058,D,70360729,2016,NA
13721059,2109534,19,2017-10-23T19:03:50Z,2016-08-17T16:00:27Z,23387308,TRUE,Miye,D'Oench,player,1,active,https://cdn1.sportngin.com/attachments/roster_player_info/7036/0829/D_Oench_19_NYR_HS_small.jpg,https://www.nwhl.zone/roster_players/13721059,F,70360829,2016,NA
13721060,2109534,26,2017-10-23T19:01:01Z,2016-08-17T16:00:28Z,23387309,TRUE,Kiira,Dosdall,player,1,active,https://cdn2.sportngin.com/attachments/roster_player_info/7036/0883/Dosdall_26_NYR_HS_small.jpg,https://www.nwhl.zone/roster_players/13721060,D,70360883,2016,NA
13721061,2109534,13,2017-11-30T17:08:16Z,2016-08-17T16:00:28Z,23387310,TRUE,Kaleigh,Fratkin,player,1,active,https://cdn2.sportngin.com/attachments/roster_player_info/7036/0774/Fratkin_13_NYR_HS_small.jpg,https://www.nwhl.zone/roster_players/13721061,D,70360774,2016,NA
13721063,2109534,16,2018-01-24T14:33:47Z,2016-08-17T16:00:28Z,23387312,TRUE,Alexa,Gruschow,player,1,active,https://cdn2.sportngin.com/attachments/roster_player_info/7036/0784/Gruschow_16_NYR_HS_small.jpg,https://www.nwhl.zone/roster_players/13721063,F,70360784,2016,NA
13721064,2109534,10,2017-10-23T19:08:36Z,2016-08-17T16:00:28Z,23387313,TRUE,Ashley,Johnston,player,1,active,https://cdn2.sportngin.com/attachments/roster_player_info/7036/0749/Johnston_10_NYR_HS_small.jpg,https://www.nwhl.zone/roster_players/13721064,D,70360749,2016,NA
13721065,2109534,28,2018-06-04T14:12:06Z,2016-08-17T16:00:28Z,23387314,TRUE,Amanda,Kessel,player,1,active,https://cdn1.sportngin.com/attachments/roster_player_info/7195/8650/Kessel_28_NYR_2016_small.jpg,https://www.nwhl.zone/roster_players/13721065,F,71958650,2016,NA
13721066,2109534,17,2017-10-23T19:05:31Z,2016-08-17T16:00:29Z,23387315,TRUE,Bray,Ketchum,player,1,active,https://cdn1.sportngin.com/attachments/roster_player_info/7036/0799/Ketchum_17_NYR_HS_small.jpg,https://www.nwhl.zone/roster_players/13721066,F,70360799,2016,NA
13721068,2109534,73,2017-05-15T14:25:46Z,2016-08-17T16:00:29Z,23387317,TRUE,Milica,McMillen,player,1,active,https://cdn2.sportngin.com/attachments/roster_player_info/7036/0914/McMillen_73_NYR_HS_small.jpg,https://www.nwhl.zone/roster_players/13721068,D,70360914,2016,NA
13721069,2109534,14,2017-10-25T17:34:40Z,2016-08-17T16:00:29Z,23387318,TRUE,Madison,Packer,player,1,active,https://cdn4.sportngin.com/attachments/roster_player_info/7036/0779/Packer_14_NYR_HS_small.jpg,https://www.nwhl.zone/roster_players/13721069,F,70360779,2016,NA
13721070,2109534,27,2018-01-24T14:31:42Z,2016-08-17T16:00:29Z,23387319,TRUE,Michelle,Picard,player,1,active,https://cdn1.sportngin.com/attachments/roster_player_info/7195/8326/Picard_27_NYR_2016_small.jpg,https://www.nwhl.zone/roster_players/13721070,D,71958326,2016,NA
13721071,2109534,7,2017-10-23T19:11:57Z,2016-08-17T16:00:30Z,23387320,TRUE,Tatiana,Rafter,player,1,active,https://cdn1.sportngin.com/attachments/roster_player_info/7036/0739/Rafter_7_NYR_HS_small.jpg,https://www.nwhl.zone/roster_players/13721071,F,70360739,2016,NA
13721072,2109534,18,2018-01-24T14:47:49Z,2016-08-17T16:00:30Z,23387321,TRUE,Rebecca,Russo,player,1,active,https://cdn2.sportngin.com/attachments/roster_player_info/7195/8883/Russo_18_NYR_2016_small.jpg,https://www.nwhl.zone/roster_players/13721072,F,71958883,2016,NA
13721073,2109534,31,2017-04-21T17:42:24Z,2016-08-17T16:00:30Z,23387322,TRUE,Sojung,Shin,player,1,active,https://cdn3.sportngin.com/attachments/roster_player_info/7036/0903/Shin_31_NYR_HS_small.jpg,https://www.nwhl.zone/roster_players/13721073,G,70360903,2016,NA
13721074,2109534,12,2018-01-24T14:50:24Z,2016-08-17T16:00:30Z,23387324,TRUE,Janine,Weber,player,1,active,https://cdn4.sportngin.com/attachments/roster_player_info/7036/0764/Weber_12_NYR_HS_small.jpg,https://www.nwhl.zone/roster_players/13721074,F,70360764,2016,NA
14018255,2109534,9,2017-10-23T19:11:04Z,2016-08-29T22:14:40Z,23785594,TRUE,Rebecca,Morse,player,1,active,https://cdn3.sportngin.com/attachments/roster_player_info/7036/0744/Morse_9_NYR_HS_small.jpg,https://www.nwhl.zone/roster_players/14018255,D,70360744,2016,NA
14018256,2109534,21,2017-04-20T13:11:21Z,2016-08-29T22:14:41Z,23785596,TRUE,Gabie,Figueroa,player,1,active,https://cdn4.sportngin.com/attachments/roster_player_info/7036/0843/Figueroa_21_NYR_HS_small.jpg,https://www.nwhl.zone/roster_players/14018256,D,70360843,2016,NA
14018257,2109534,20,2017-10-23T19:03:05Z,2016-08-29T22:14:41Z,23785595,TRUE,Julia,Herr,player,1,active,https://cdn4.sportngin.com/attachments/roster_player_info/7036/0834/Herr_20_NYR_HS_small.jpg,https://www.nwhl.zone/roster_players/14018257,F,70360834,2016,NA
14018258,2109534,24,2017-03-31T15:30:23Z,2016-08-29T22:14:41Z,23785597,TRUE,Taylor,Holze,player,1,active,https://cdn1.sportngin.com/attachments/roster_player_info/7036/0877/Holze_24_NYR_HS_small.jpg,https://www.nwhl.zone/roster_players/14018258,F,70360877,2016,NA
14527927,2109534,35,2018-01-24T14:52:25Z,2016-09-23T17:13:58Z,24481568,TRUE,Katie,Fitzgerald,player,1,active,https://cdn3.sportngin.com/attachments/roster_player_info/7036/1025/IMG_1404_small.jpg,https://www.nwhl.zone/roster_players/14527927,G,70361025,2016,NA
14528000,2109534,3,2017-10-23T19:14:35Z,2016-09-23T17:16:06Z,24481658,TRUE,Sarah,Bryant,player,1,active,https://cdn3.sportngin.com/attachments/roster_player_info/7036/0991/IMG_1685_small.jpg,https://www.nwhl.zone/roster_players/14528000,G,70360991,2016,NA
15987888,2109534,2,2017-11-11T00:49:32Z,2017-01-12T18:12:21Z,26603419,TRUE,Lauren,Wash,player,3,active,/app_images/no_photo_neutral_30.svg,https://www.nwhl.zone/roster_players/15987888,F,NA,2016,NA
16804802,2109534,11,2018-02-07T17:40:31Z,2017-03-07T17:01:44Z,27875332,TRUE,Kelsey,Koelzer,player,4,active,https://cdn3.sportngin.com/attachments/roster_player_info/7920/4872/AAEAAQAAAAAAAAirAAAAJDQ2ZTIxMWE4LWZmY2UtNGM0NS05ZmI0LTZhNjk2ZWVhYjk2Yg_medium_small.jpg,https://www.nwhl.zone/roster_players/16804802,D,79204872,2016,NA
13721037,2109532,8,2018-07-30T15:23:26Z,2016-08-17T15:59:53Z,23387281,TRUE,Kelly,Babstock,player,1,active,https://cdn1.sportngin.com/attachments/roster_player_info/7714/6810/Babs_small.jpeg,https://www.nwhl.zone/roster_players/13721037,F,77146810,2016,NA
13721039,2109532,26,2017-10-19T19:15:20Z,2016-08-17T15:59:53Z,23387283,TRUE,Jordan,Brickner,player,1,active,https://cdn4.sportngin.com/attachments/roster_player_info/7714/6983/Brickner_small.jpeg,https://www.nwhl.zone/roster_players/13721039,D,77146983,2016,NA
13721040,2109532,27,2017-06-13T17:22:09Z,2016-08-17T15:59:53Z,23387284,TRUE,Nicole,Connery,player,1,active,https://cdn4.sportngin.com/attachments/roster_player_info/7714/7012/Connery_small.jpeg,https://www.nwhl.zone/roster_players/13721040,F,77147012,2016,NA
13721042,2109532,28,2018-01-24T14:51:37Z,2016-08-17T15:59:53Z,23387286,TRUE,Sam,Faber,player,1,active,https://cdn4.sportngin.com/attachments/roster_player_info/7714/7234/unspecified_small.jpeg,https://www.nwhl.zone/roster_players/13721042,F,77147234,2016,NA
13721043,2109532,10,2017-10-18T17:42:40Z,2016-08-17T15:59:54Z,23387287,TRUE,Kaliya,Johnson,player,1,active,https://cdn3.sportngin.com/attachments/roster_player_info/7714/6835/Johnson_small.jpeg,https://www.nwhl.zone/roster_players/13721043,D,77146835,2016,NA
13721045,2109532,7,2017-06-13T17:57:50Z,2016-08-17T15:59:54Z,23387289,TRUE,Nicole,Kosta,player,1,active,https://cdn1.sportngin.com/attachments/roster_player_info/7714/6783/Kosta_small.jpeg,https://www.nwhl.zone/roster_players/13721045,F,77146783,2016,NA
13721046,2109532,16,2017-04-21T18:19:56Z,2016-08-17T15:59:54Z,23387290,TRUE,Micaela,Long,player,1,active,https://cdn3.sportngin.com/attachments/roster_player_info/7714/6865/LOng_small.jpeg,https://www.nwhl.zone/roster_players/13721046,F,77146865,2016,NA
13721047,2109532,1,2017-04-21T17:57:00Z,2016-08-17T15:59:54Z,23387291,TRUE,Shenae,Lundberg,player,1,active,https://cdn2.sportngin.com/attachments/roster_player_info/7714/6687/Lundberg_small.jpeg,https://www.nwhl.zone/roster_players/13721047,G,77146687,2016,NA
13721048,2109532,57,2018-01-24T14:53:08Z,2016-08-17T15:59:54Z,23387292,TRUE,Meagan,Mangene,player,1,active,https://cdn3.sportngin.com/attachments/roster_player_info/7703/7169/Mangene_small.jpeg,https://www.nwhl.zone/roster_players/13721048,D,77037169,2016,NA
13721049,2109532,21,2018-07-31T16:53:45Z,2016-08-17T15:59:54Z,23387293,TRUE,Cydney,Roesler,player,1,active,https://cdn1.sportngin.com/attachments/roster_player_info/7714/6880/Rosler_small.jpeg,https://www.nwhl.zone/roster_players/13721049,D,77146880,2016,NA
13721050,2109532,22,2018-08-06T13:37:42Z,2016-08-17T15:59:55Z,23387294,TRUE,Haley,Skarupa,player,1,active,/app_images/no_photo_neutral_30.svg,https://www.nwhl.zone/roster_players/13721050,F,NA,2016,NA
13721051,2109532,61,2017-04-21T18:18:05Z,2016-08-17T15:59:55Z,23387295,TRUE,Kelli,Stack,player,1,active,https://cdn4.sportngin.com/attachments/roster_player_info/7714/7416/Stack_small.jpeg,https://www.nwhl.zone/roster_players/13721051,F,77147416,2016,NA
13721052,2109532,24,2017-04-21T18:30:56Z,2016-08-17T15:59:55Z,23387296,TRUE,Nicole,Stock,player,1,active,https://cdn4.sportngin.com/attachments/roster_player_info/7714/6928/Stock_small.jpeg,https://www.nwhl.zone/roster_players/13721052,G,77146928,2016,NA
13721053,2109532,17,2018-07-30T14:42:55Z,2016-08-17T15:59:55Z,23387297,TRUE,Dana,Trivigno,player,1,active,https://cdn4.sportngin.com/attachments/roster_player_info/7703/7214/Trivigno_small.jpeg,https://www.nwhl.zone/roster_players/13721053,F,77037214,2016,NA
14024439,2109532,14,2017-10-19T19:11:19Z,2016-08-30T02:24:58Z,23793897,TRUE,Elena,Orlando,player,1,active,https://cdn4.sportngin.com/attachments/roster_player_info/7714/6845/Orlando_small.jpeg,https://www.nwhl.zone/roster_players/14024439,D,77146845,2016,NA
14024561,2109532,33,2017-10-19T19:19:01Z,2016-08-30T02:27:52Z,23794052,TRUE,Laura,Brennan,player,1,active,https://cdn3.sportngin.com/attachments/roster_player_info/7714/7275/Brennan_small.jpeg,https://www.nwhl.zone/roster_players/14024561,G,77147275,2016,NA
14024651,2109532,6,2017-10-25T17:32:32Z,2016-08-30T02:29:24Z,23794156,TRUE,Shannon,Doyle,player,1,active,https://cdn4.sportngin.com/attachments/roster_player_info/7714/6746/Doyle_small.jpeg,https://www.nwhl.zone/roster_players/14024651,D,77146746,2016,NA
14024705,2109532,42,2017-03-31T15:29:31Z,2016-08-30T02:30:44Z,23794235,TRUE,Celeste,Brown,player,1,active,https://cdn1.sportngin.com/attachments/roster_player_info/7714/7375/Brown_small.jpeg,https://www.nwhl.zone/roster_players/14024705,F,77147375,2016,NA
14024778,2109532,4,2017-10-19T18:26:36Z,2016-08-30T02:33:10Z,23794337,TRUE,Anya,Battaglino,player,1,active,https://cdn3.sportngin.com/attachments/roster_player_info/7714/6711/Battaglino_small.jpeg,https://www.nwhl.zone/roster_players/14024778,F|D,77146711,2016,NA
14507438,2109532,25,2017-10-19T19:14:50Z,2016-09-22T16:10:39Z,24457644,TRUE,Juana,Baribeau,player,3,active,https://cdn4.sportngin.com/attachments/roster_player_info/7714/6958/Juice_small.jpeg,https://www.nwhl.zone/roster_players/14507438,F,77146958,2016,NA
15857080,2109532,43,2017-10-19T19:20:53Z,2017-01-02T06:00:38Z,26381663,TRUE,Meghan,Huertas,player,3,active,https://cdn1.sportngin.com/attachments/roster_player_info/7703/7149/Huertas_small.jpeg,https://www.nwhl.zone/roster_players/15857080,F,77037149,2016,NA
16461578,2109532,44,2017-03-31T15:22:57Z,2017-02-15T01:21:14Z,23387178,TRUE,Zoe,Hickel,player,3,active,https://cdn2.sportngin.com/attachments/roster_player_info/7797/3234/unspecified-5_small.jpeg,https://www.nwhl.zone/roster_players/16461578,F,77973234,2016,NA
18800501,2789546,6,2018-03-25T20:34:25Z,2017-06-05T17:49:20Z,23387307,TRUE,Courtney,Burke,player,1,active,https://cdn1.sportngin.com/attachments/roster_player_info/9132/7018/Riveters_Courtney_Burke_001_small.jpg,https://www.nwhl.zone/roster_players/18800501,D,91327018,2017,NA
18800504,2789546,19,2018-03-25T20:24:36Z,2017-06-05T17:49:23Z,23387308,TRUE,Miye,D'Oench,player,1,active,https://cdn3.sportngin.com/attachments/roster_player_info/9132/7188/Riveters_Miye_D_Oench_001_small.jpg,https://www.nwhl.zone/roster_players/18800504,F,91327188,2017,NA
18800514,2789546,26,2018-03-25T21:01:19Z,2017-06-05T17:49:26Z,23387309,TRUE,Kiira,Dosdall,player,1,active,https://cdn3.sportngin.com/attachments/roster_player_info/9132/7234/Riveters_Kiira_Dosdall_001_small.jpg,https://www.nwhl.zone/roster_players/18800514,D,91327234,2017,NA
18800530,2789546,11,2018-03-25T21:15:13Z,2017-06-05T17:49:34Z,23387312,TRUE,Alexa,Gruschow,player,1,active,https://cdn2.sportngin.com/attachments/roster_player_info/9132/7091/Riveters_Alexa_Gruschow_001_small.jpg,https://www.nwhl.zone/roster_players/18800530,F,91327091,2017,NA
18800534,2789546,10,2018-03-25T19:27:00Z,2017-06-05T17:49:36Z,23387313,TRUE,Ashley,Johnston,player,1,active,https://cdn2.sportngin.com/attachments/roster_player_info/9132/7075/Riveters_Ashley_Johnston_001_small.jpg,https://www.nwhl.zone/roster_players/18800534,D,91327075,2017,NA
18800543,2789546,17,2018-03-25T17:58:16Z,2017-06-05T17:49:44Z,23387315,TRUE,Bray,Ketchum,player,1,active,https://cdn4.sportngin.com/attachments/roster_player_info/9132/7135/Riveters_Bray_Ketchum_001_small.jpg,https://www.nwhl.zone/roster_players/18800543,F,91327135,2017,NA
18800551,2789546,14,2018-03-25T20:25:02Z,2017-06-05T17:49:49Z,23387318,TRUE,Madison,Packer,player,1,active,https://cdn2.sportngin.com/attachments/roster_player_info/9132/7121/Riveters_Madison_Packer_004_small.jpg,https://www.nwhl.zone/roster_players/18800551,F,91327121,2017,NA
18800555,2789546,27,2018-03-25T20:18:42Z,2017-06-05T17:49:52Z,23387319,TRUE,Michelle,Picard,player,1,active,https://cdn4.sportngin.com/attachments/roster_player_info/9132/7244/Riveters_Michelle_Picard_001_small.jpg,https://www.nwhl.zone/roster_players/18800555,D,91327244,2017,NA
18800559,2789546,7,2018-03-25T20:48:01Z,2017-06-05T17:49:56Z,23387320,TRUE,Tatiana,Rafter,player,1,active,https://cdn4.sportngin.com/attachments/roster_player_info/9132/7039/Riveters_Tatiana_Rafter_001_small.jpg,https://www.nwhl.zone/roster_players/18800559,F,91327039,2017,NA
18800564,2789546,18,2018-03-25T20:14:20Z,2017-06-05T17:49:59Z,23387321,TRUE,Rebecca,Russo,player,1,active,https://cdn2.sportngin.com/attachments/roster_player_info/9132/7158/Riveters_Rebecca_Russo_001_small.jpg,https://www.nwhl.zone/roster_players/18800564,F,91327158,2017,NA
18800576,2789546,9,2018-03-18T22:46:15Z,2017-06-05T17:50:09Z,23785594,TRUE,Rebecca,Morse,player,1,active,https://cdn2.sportngin.com/attachments/roster_player_info/9132/7054/Riveters_Rebecca_Morse_001_small.jpg,https://www.nwhl.zone/roster_players/18800576,D,91327054,2017,NA
18800584,2789546,20,2018-03-18T22:46:20Z,2017-06-05T17:50:15Z,23785595,TRUE,Cheeky,Herr,player,1,active,https://cdn4.sportngin.com/attachments/roster_player_info/9132/7202/Riveters_Cheeky_Herr_001_small.JPG,https://www.nwhl.zone/roster_players/18800584,F,91327202,2017,NA
18800592,2789546,35,2018-03-25T21:15:27Z,2017-06-05T17:50:21Z,24481568,TRUE,Katie,Fitzgerald,player,1,active,https://cdn2.sportngin.com/attachments/roster_player_info/9132/7254/Riveters_Katie_Fitzgerald_001_small.jpg,https://www.nwhl.zone/roster_players/18800592,G,91327254,2017,NA
18800596,2789546,3,2018-03-18T22:46:10Z,2017-06-05T17:50:23Z,24481658,TRUE,Sarah,Bryant,player,1,active,https://cdn1.sportngin.com/attachments/roster_player_info/9132/6986/Riveters_Sarah_Bryant_001_small.jpg,https://www.nwhl.zone/roster_players/18800596,G,91326986,2017,NA
18800605,2789546,55,2018-03-25T21:00:38Z,2017-06-05T17:50:27Z,27875332,TRUE,Kelsey,Koelzer,player,4,active,https://cdn1.sportngin.com/attachments/roster_player_info/9132/7260/Riveters_Kelsey_Kolzer_001_small.jpg,https://www.nwhl.zone/roster_players/18800605,D,91327260,2017,NA
18844862,2789546,24,2018-03-25T20:04:29Z,2017-06-07T05:20:52Z,23387260,TRUE,Harrison,Browne,player,4,active,https://cdn1.sportngin.com/attachments/roster_player_info/9596/6702/nwhl7_small.jpg,https://www.nwhl.zone/roster_players/18844862,F,95966702,2017,NA
19573428,2789546,45,2018-03-18T22:46:26Z,2017-07-19T17:19:52Z,31610262,TRUE,Lindsey,Hylwa,player,4,active,/app_images/no_photo_neutral_30.svg,https://www.nwhl.zone/roster_players/19573428,F,NA,2017,NA
19584387,2789546,5,2018-03-25T21:12:44Z,2017-07-20T15:16:22Z,31628312,TRUE,Jenny,Ryan,player,4,active,https://cdn3.sportngin.com/attachments/roster_player_info/9132/7007/Riveters_Jenny_Ryan_001_small.jpg,https://www.nwhl.zone/roster_players/19584387,D,91327007,2017,NA
20768963,2789546,2,2018-03-25T21:06:22Z,2017-09-13T14:28:19Z,33195838,TRUE,Erika,Lawler,player,4,active,https://cdn4.sportngin.com/attachments/roster_player_info/9132/6972/Riveters_Erika_Lawler_001_small.jpg,https://www.nwhl.zone/roster_players/20768963,F,91326972,2017,NA
21283241,2789546,22,2018-03-25T20:49:00Z,2017-10-13T22:56:11Z,33923014,TRUE,Kelly,Nash,player,3,active,https://cdn3.sportngin.com/attachments/roster_player_info/9596/7045/nwhl2_small.jpg,https://www.nwhl.zone/roster_players/21283241,F,95967045,2017,NA
21486809,2789546,1,2018-03-25T17:58:03Z,2017-10-25T19:59:00Z,34211280,TRUE,Kimberly,Sass,player,2,active,https://cdn4.sportngin.com/attachments/roster_player_info/9596/6730/nwhl6_small.jpg,https://www.nwhl.zone/roster_players/21486809,G,95966730,2017,NA
21781999,2789546,21,2018-03-18T22:46:22Z,2017-11-10T16:23:53Z,34633587,TRUE,Lauren,Wash,player,4,active,https://cdn4.sportngin.com/attachments/roster_player_info/9596/6873/nwhl4_small.jpg,https://www.nwhl.zone/roster_players/21781999,F,95966873,2017,NA
23168067,2789546,12,2018-03-19T14:22:08Z,2018-02-23T22:48:06Z,36724580,TRUE,Hillary,Crowe,player,3,active,https://cdn4.sportngin.com/attachments/roster_player_info/9883/6356/Crowe_Hillary_small.JPG,https://www.nwhl.zone/roster_players/23168067,F,98836356,2017,NA
18800503,2789543,5,2018-03-19T14:13:43Z,2017-06-05T17:49:22Z,23387170,TRUE,Lexi,Bender,player,1,active,https://cdn1.sportngin.com/attachments/roster_player_info/9129/5450/Pride_Lexi_Bender_002_small.jpg,https://www.nwhl.zone/roster_players/18800503,D,91295450,2017,NA
18800533,2789543,14,2018-03-19T14:13:44Z,2017-06-05T17:49:35Z,23387174,TRUE,Jillian,Dempsey,player,1,active,https://cdn2.sportngin.com/attachments/roster_player_info/9129/7658/Pride_Jillian_Dempsey_002_small.jpg,https://www.nwhl.zone/roster_players/18800533,F,91297658,2017,NA
18800540,2789543,15,2018-03-19T14:13:44Z,2017-06-05T17:49:41Z,23387176,TRUE,Emily,Field,player,1,active,https://cdn1.sportngin.com/attachments/roster_player_info/9129/7775/Pride_Emily_Field_003_small.jpg,https://www.nwhl.zone/roster_players/18800540,F,91297775,2017,NA
18800545,2789543,2,2018-03-19T14:13:43Z,2017-06-05T17:49:44Z,23387177,TRUE,Alyssa,Gagliardi,player,1,active,https://cdn1.sportngin.com/attachments/roster_player_info/9129/5209/Pride_Alyssa_Gagliardi_002_small.jpg,https://www.nwhl.zone/roster_players/18800545,D,91295209,2017,NA
18800566,2789543,29,2018-03-19T14:13:45Z,2017-06-05T17:50:00Z,23387182,TRUE,Brittany,Ott,player,1,active,https://cdn1.sportngin.com/attachments/roster_player_info/9129/8203/Pride_Brittany_Ott_002_small.jpg,https://www.nwhl.zone/roster_players/18800566,G,91298203,2017,NA
18800583,2789543,11,2018-03-19T14:13:44Z,2017-06-05T17:50:13Z,23387185,TRUE,Jordan,Smelker,player,1,active,https://cdn2.sportngin.com/attachments/roster_player_info/9129/7225/Pride_Jordan_Smelker_002_small.jpg,https://www.nwhl.zone/roster_players/18800583,F,91297225,2017,NA
18800585,2789543,12,2018-03-19T14:13:44Z,2017-06-05T17:50:17Z,23792877,TRUE,Marissa,Gedman,player,1,active,https://cdn1.sportngin.com/attachments/roster_player_info/9129/7472/Pride_Marisa_Gedman_002_small.jpg,https://www.nwhl.zone/roster_players/18800585,D,91297472,2017,NA
18800591,2789543,27,2018-03-19T14:13:45Z,2017-06-05T17:50:20Z,23792961,TRUE,Kathryn,Tomaselli,player,1,active,https://cdn2.sportngin.com/attachments/roster_player_info/9129/8096/Pride_Kathryn_Tomaselli_002_small.jpg,https://www.nwhl.zone/roster_players/18800591,F,91298096,2017,NA
18800595,2789543,18,2018-03-19T14:13:44Z,2017-06-05T17:50:23Z,23793166,TRUE,Michaela,Levine,player,1,active,https://cdn4.sportngin.com/attachments/roster_player_info/9129/7856/Pride_Michaela_Levine_003_small.jpg,https://www.nwhl.zone/roster_players/18800595,F,91297856,2017,NA
18800633,2789543,24,2018-03-11T19:18:04Z,2017-06-05T17:50:38Z,24227081,TRUE,Denna,Laing,player,1,active,https://cdn3.sportngin.com/attachments/roster_player_info/8454/4657/BOS_headshots1_small.jpg,https://www.nwhl.zone/roster_players/18800633,F,84544657,2017,NA
18800641,2789543,7,2018-03-19T14:13:43Z,2017-06-05T17:50:47Z,27919615,TRUE,Mary,Parker,player,4,active,https://cdn1.sportngin.com/attachments/roster_player_info/9129/6295/Pride_Mary_Parker_002_small.jpg,https://www.nwhl.zone/roster_players/18800641,F,91296295,2017,NA
18801315,2789543,10,2018-03-19T14:13:44Z,2017-06-05T18:07:20Z,23387287,TRUE,Kaliya,Johnson,player,4,active,https://cdn4.sportngin.com/attachments/roster_player_info/9129/6836/Pride_Kaliya_Johnson_002_small.jpg,https://www.nwhl.zone/roster_players/18801315,D,91296836,2017,NA
18844857,2789543,26,2018-03-18T00:01:10Z,2017-06-07T05:20:06Z,23387324,TRUE,Janine,Weber,player,4,active,https://cdn1.sportngin.com/attachments/roster_player_info/9129/8066/Pride_Janine_Weber_002_small.jpg,https://www.nwhl.zone/roster_players/18844857,F,91298066,2017,NA
18844871,2789543,19,2018-03-19T14:13:45Z,2017-06-07T05:26:10Z,30607003,TRUE,Sydney,Daniels,player,4,active,https://cdn3.sportngin.com/attachments/roster_player_info/9129/7909/Pride_Sydney_Daniels_003_small.jpg,https://www.nwhl.zone/roster_players/18844871,F,91297909,2017,NA
18844872,2789543,42,2018-03-19T13:55:01Z,2017-06-07T05:27:51Z,30607007,TRUE,Brianna,Laing,player,4,active,https://cdn1.sportngin.com/attachments/roster_player_info/9136/3220/Pride_Brianna_Laing_004__1__small.jpg,https://www.nwhl.zone/roster_players/18844872,G,91363220,2017,NA
19100726,2789543,44,2018-03-19T14:13:45Z,2017-06-19T22:24:15Z,23387266,TRUE,Paige,Harrington,player,4,active,https://cdn2.sportngin.com/attachments/roster_player_info/9129/8486/Pride_Paige_Harrington_003_small.jpg,https://www.nwhl.zone/roster_players/19100726,D,91298486,2017,NA
19100743,2789543,57,2018-03-19T14:13:45Z,2017-06-19T22:24:52Z,23387292,TRUE,Meagan,Mangene,player,4,active,https://cdn4.sportngin.com/attachments/roster_player_info/9129/8513/Pride_Meagan_Mangene_002_small.jpg,https://www.nwhl.zone/roster_players/19100743,D|F,91298513,2017,NA
19100744,2789543,8,2018-03-19T14:13:44Z,2017-06-19T22:25:40Z,23387297,TRUE,Dana,Trivigno,player,4,active,https://cdn4.sportngin.com/attachments/roster_player_info/9129/6382/Pride_Dana_Trivigno_003_small.jpg,https://www.nwhl.zone/roster_players/19100744,F,91296382,2017,NA
20460005,2789543,30,2018-03-19T13:52:04Z,2017-08-31T16:12:13Z,32790078,TRUE,Madison,Litchfield,player,4,active,https://cdn1.sportngin.com/attachments/roster_player_info/9129/8275/Pride_Madison_Litchfield_002_small.jpg,https://www.nwhl.zone/roster_players/20460005,G,91298275,2017,NA
20460066,2789543,9,2018-03-19T14:13:44Z,2017-08-31T16:16:53Z,32790258,TRUE,Corey,Stearns,player,4,active,https://cdn2.sportngin.com/attachments/roster_player_info/9129/6472/Pride_Corey_Stearns_002_small.jpg,https://www.nwhl.zone/roster_players/20460066,F,91296472,2017,NA
20575447,2789543,37,2018-03-19T14:13:45Z,2017-09-05T18:08:26Z,32939535,TRUE,Heather,Schwarz,player,4,active,https://cdn3.sportngin.com/attachments/roster_player_info/9129/8331/Pride_Heather_Schwarz_002_small.jpg,https://www.nwhl.zone/roster_players/20575447,F,91298331,2017,NA
20629799,2789543,6,2018-03-19T14:13:43Z,2017-09-07T13:26:12Z,33011016,TRUE,Elizabeth,Parker,player,4,active,https://cdn1.sportngin.com/attachments/roster_player_info/9129/5752/Pride_Elizabeth_Parker_004_small.jpg,https://www.nwhl.zone/roster_players/20629799,D,91295752,2017,NA
21354216,2789543,22,2018-03-11T19:18:04Z,2017-10-18T15:52:30Z,23387294,TRUE,Haley,Skarupa,player,4,active,/app_images/no_photo_neutral_30.svg,https://www.nwhl.zone/roster_players/21354216,F,NA,2017,NA
22095684,2789543,13,2018-03-19T14:13:44Z,2017-11-30T17:03:48Z,35071985,TRUE,Kaleigh,Fratkin,player,2,active,https://cdn1.sportngin.com/attachments/roster_player_info/9521/4321/unnamed-2_small.jpg,https://www.nwhl.zone/roster_players/22095684,F|D,95214321,2017,NA
23226888,2789543,47,2018-03-11T19:18:05Z,2018-02-27T14:15:57Z,36811606,TRUE,Mallory,Souliotis,player,2,active,https://cdn1.sportngin.com/attachments/roster_player_info/9968/2901/Pride_Mallory_Souliotis_001_small.jpg,https://www.nwhl.zone/roster_players/23226888,D,99682901,2017,NA
18800502,2789545,8,2018-03-19T00:53:56Z,2017-06-05T17:49:21Z,23387281,TRUE,Kelly,Babstock,player,1,active,https://cdn3.sportngin.com/attachments/roster_player_info/9158/3632/Whale_Kelly_Babstock_small.JPG,https://www.nwhl.zone/roster_players/18800502,F,91583632,2017,NA
18800526,2789545,26,2018-03-19T14:13:43Z,2017-06-05T17:49:31Z,23387283,TRUE,Jordan,Brickner,player,1,active,https://cdn2.sportngin.com/attachments/roster_player_info/9158/4193/Whale_Jordan_Brickner_small.JPG,https://www.nwhl.zone/roster_players/18800526,D,91584193,2017,NA
18800541,2789545,28,2018-03-19T14:13:43Z,2017-06-05T17:49:42Z,23387286,TRUE,Sam,Faber,player,1,active,https://cdn2.sportngin.com/attachments/roster_player_info/9158/4538/Whale_Sam_Faber_small.JPG,https://www.nwhl.zone/roster_players/18800541,F,91584538,2017,NA
18800567,2789545,21,2018-03-19T14:13:42Z,2017-06-05T17:50:01Z,23387293,TRUE,Cydney,Roesler,player,1,active,https://cdn3.sportngin.com/attachments/roster_player_info/9158/4072/Whale_Sydney_Roesler_small.JPG,https://www.nwhl.zone/roster_players/18800567,D,91584072,2017,NA
18800586,2789545,14,2018-03-19T14:13:42Z,2017-06-05T17:50:17Z,23793897,TRUE,Elena,Orlando,player,1,active,https://cdn2.sportngin.com/attachments/roster_player_info/9158/4031/Whale_Elena_Orlando_small.JPG,https://www.nwhl.zone/roster_players/18800586,D,91584031,2017,NA
18800590,2789545,33,2018-03-19T14:17:56Z,2017-06-05T17:50:20Z,23794052,TRUE,Laura,Brennan,player,1,active,https://cdn1.sportngin.com/attachments/roster_player_info/9158/4585/Whale_Laura_Brennan_small.JPG,https://www.nwhl.zone/roster_players/18800590,G,91584585,2017,NA
18800597,2789545,6,2018-03-19T14:13:41Z,2017-06-05T17:50:23Z,23794156,TRUE,Shannon,Doyle,player,1,active,https://cdn2.sportngin.com/attachments/roster_player_info/9158/3549/Whale_Shannan_Doyle_small.JPG,https://www.nwhl.zone/roster_players/18800597,D,91583549,2017,NA
18800608,2789545,4,2018-03-19T14:13:41Z,2017-06-05T17:50:30Z,23794337,TRUE,Anya,Battaglino,player,1,active,https://cdn4.sportngin.com/attachments/roster_player_info/9158/3391/Whale_Anya_Battaglino_small.JPG,https://www.nwhl.zone/roster_players/18800608,F|D,91583391,2017,NA
18800629,2789545,25,2018-03-19T14:13:42Z,2017-06-05T17:50:36Z,24457644,TRUE,Juana,Baribeau,player,3,active,https://cdn3.sportngin.com/attachments/roster_player_info/9158/4275/Whale_Juana_Baribeau_small.JPG,https://www.nwhl.zone/roster_players/18800629,F,91584275,2017,NA
18800634,2789545,43,2018-03-19T14:13:43Z,2017-06-05T17:50:39Z,26381663,TRUE,Meghan,Huertas,player,3,active,https://cdn2.sportngin.com/attachments/roster_player_info/8454/4667/Huertas_small.jpeg,https://www.nwhl.zone/roster_players/18800634,F,84544667,2017,NA
18801447,2789545,34,2018-07-31T17:00:38Z,2017-06-05T18:18:00Z,30552389,TRUE,Sydney,Rossman,player,3,active,https://cdn2.sportngin.com/attachments/roster_player_info/9158/4609/Whale_Sydney_Rossman_small.JPG,https://www.nwhl.zone/roster_players/18801447,G,91584609,2017,NA
19571957,2789545,7,2018-07-30T16:25:50Z,2017-07-19T15:15:26Z,31607566,TRUE,Rachael,Ade,player,3,active,https://cdn2.sportngin.com/attachments/roster_player_info/9158/3577/Whale_Rachael_Ade_small.JPG,https://www.nwhl.zone/roster_players/19571957,D,91583577,2017,NA
19583893,2789545,5,2018-03-19T14:13:41Z,2017-07-20T14:39:48Z,31627477,TRUE,Stephanie,Mock,player,3,active,https://cdn3.sportngin.com/attachments/roster_player_info/9158/3503/Whale_Stephanie_Mock_small.JPG,https://www.nwhl.zone/roster_players/19583893,F,91583503,2017,NA
20038222,2789545,11,2018-07-30T16:26:39Z,2017-08-15T16:05:10Z,32239848,TRUE,Emily,Fluke,player,3,active,https://cdn3.sportngin.com/attachments/roster_player_info/9158/3945/Whale_Emily_Fluke_small.JPG,https://www.nwhl.zone/roster_players/20038222,F,91583945,2017,NA
20258199,2789545,13,2018-03-19T14:13:42Z,2017-08-24T15:29:51Z,32533874,TRUE,Cassie,Dunne,player,3,active,https://cdn4.sportngin.com/attachments/roster_player_info/9158/4008/Whale_Cassie_Dunne_small.JPG,https://www.nwhl.zone/roster_players/20258199,D,91584008,2017,NA
20460156,2789545,3,2018-03-19T14:13:41Z,2017-08-31T16:19:27Z,32790398,TRUE,Amanda,Boulier,player,3,active,https://cdn4.sportngin.com/attachments/roster_player_info/9158/3349/Whale_Amanda_Boulier_small.JPG,https://www.nwhl.zone/roster_players/20460156,D|F,91583349,2017,NA
20460180,2789545,9,2018-03-19T14:13:42Z,2017-08-31T16:20:56Z,32790473,TRUE,Kaycie,Anderson,player,3,active,https://cdn1.sportngin.com/attachments/roster_player_info/9158/3705/Whale_Kaycie_Anderson_small.JPG,https://www.nwhl.zone/roster_players/20460180,F,91583705,2017,NA
20754193,2789545,10,2018-03-19T14:13:42Z,2017-09-12T18:07:22Z,33174782,TRUE,Sophia,Agostinelli,player,3,active,https://cdn2.sportngin.com/attachments/roster_player_info/9158/3920/Whale_Sophia_Agostinelli_small.JPG,https://www.nwhl.zone/roster_players/20754193,F,91583920,2017,NA
21022025,2789545,12,2018-03-19T14:13:42Z,2017-09-27T14:38:28Z,33541974,TRUE,Jamie,Goldsmith,player,2,active,https://cdn4.sportngin.com/attachments/roster_player_info/9158/3971/Whale_Jaime_Goldsmith_small.JPG,https://www.nwhl.zone/roster_players/21022025,F,91583971,2017,NA
21022050,2789545,31,2018-03-19T23:12:09Z,2017-09-27T14:40:03Z,33542006,TRUE,Keira,Goin,player,2,active,https://cdn2.sportngin.com/attachments/roster_player_info/9158/4568/Whale_Keira_Goin_small.JPG,https://www.nwhl.zone/roster_players/21022050,G,91584568,2017,NA
21030324,2789545,94,2018-03-19T14:13:43Z,2017-09-27T23:56:19Z,33556050,TRUE,Grace,Klienbach,player,2,active,https://cdn1.sportngin.com/attachments/roster_player_info/9158/4632/Whale_Grace_Klienbach_small.JPG,https://www.nwhl.zone/roster_players/21030324,F,91584632,2017,NA
21749851,2789545,27,2018-03-19T14:13:43Z,2017-11-08T19:12:06Z,31584455,TRUE,Paige,Savage,player,2,active,https://cdn3.sportngin.com/attachments/roster_player_info/9302/9708/Pride_Paige_Savage_002_small.jpg,https://www.nwhl.zone/roster_players/21749851,F,93029708,2017,NA
22110246,2789545,16,2018-03-19T14:13:42Z,2017-12-01T17:25:26Z,35095859,TRUE,Hanna,Beattie,player,2,active,https://cdn4.sportngin.com/attachments/roster_player_info/9637/7792/EditedinMCRStudio_D5I0540-3-2_small.JPG,https://www.nwhl.zone/roster_players/22110246,D,96377792,2017,NA
22702727,2789545,17,2018-05-14T16:50:02Z,2018-01-23T16:19:41Z,35979902,TRUE,Emma,Greco,player,2,active,https://cdn2.sportngin.com/attachments/roster_player_info/9883/6389/EditedinMCRStudio_D5I5245-2-2_small.jpeg,https://www.nwhl.zone/roster_players/22702727,D,98836389,2017,NA
23226859,2789545,32,2018-03-18T22:45:17Z,2018-02-27T14:14:31Z,36811564,TRUE,Sam,Donovan,player,2,active,https://cdn3.sportngin.com/attachments/roster_player_info/9978/0386/EditedinMCRStudio_D5I2894-2_small.jpg,https://www.nwhl.zone/roster_players/23226859,F,99780386,2017,NA
18800520,2789544,23,2018-03-25T21:09:36Z,2017-06-05T17:49:27Z,23387261,TRUE,Corinne,Buie,player,1,active,https://cdn3.sportngin.com/attachments/roster_player_info/9130/0107/Buie_small.jpg,https://www.nwhl.zone/roster_players/18800520,F,91300107,2017,NA
18800528,2789544,17,2018-03-25T20:04:43Z,2017-06-05T17:49:31Z,23387262,TRUE,Jordyn,Burns,player,1,active,https://cdn2.sportngin.com/attachments/roster_player_info/9132/5934/IMG_4339_small.jpeg,https://www.nwhl.zone/roster_players/18800528,D,91325934,2017,NA
18800531,2789544,10,2018-03-27T14:56:39Z,2017-06-05T17:49:34Z,23387263,TRUE,Sarah,Casorso,player,1,active,https://cdn3.sportngin.com/attachments/roster_player_info/9129/9642/Casorso_small.jpg,https://www.nwhl.zone/roster_players/18800531,D,91299642,2017,NA
18800535,2789544,11,2018-03-25T21:04:34Z,2017-06-05T17:49:37Z,23387264,TRUE,Lisa,Chesson,player,1,active,https://cdn1.sportngin.com/attachments/roster_player_info/9129/9704/Chesson_small.jpg,https://www.nwhl.zone/roster_players/18800535,D,91299704,2017,NA
18800550,2789544,36,2018-03-25T20:17:09Z,2017-06-05T17:49:49Z,23387269,TRUE,Kourtney,Kunichika,player,1,active,https://cdn2.sportngin.com/attachments/roster_player_info/9130/0629/Kunichkia_small.jpg,https://www.nwhl.zone/roster_players/18800550,F,91300629,2017,NA
18800560,2789544,28,2018-03-25T21:13:00Z,2017-06-05T17:49:56Z,23387271,TRUE,Amanda,Leveille,player,1,active,https://cdn2.sportngin.com/attachments/roster_player_info/9637/7873/EditedinMCRStudio_D5I0543-2_small.JPG,https://www.nwhl.zone/roster_players/18800560,G,96377873,2017,NA
18800594,2789544,25,2018-03-25T20:26:59Z,2017-06-05T17:50:23Z,23793623,TRUE,Jacquie,Greco,player,1,active,https://cdn1.sportngin.com/attachments/roster_player_info/9130/0227/Greco_small.jpg,https://www.nwhl.zone/roster_players/18800594,D,91300227,2017,NA
18800603,2789544,31,2018-03-25T17:59:18Z,2017-06-05T17:50:26Z,23793807,TRUE,Kelsey,Neumann,player,1,active,https://cdn4.sportngin.com/attachments/roster_player_info/9130/0465/Numann_small.jpg,https://www.nwhl.zone/roster_players/18800603,G,91300465,2017,NA
18800638,2789544,14,2018-03-25T20:09:23Z,2017-06-05T17:50:43Z,27998278,TRUE,Hayley,Scamurra,player,3,active,https://cdn3.sportngin.com/attachments/roster_player_info/9129/9853/Scamurra_small.jpg,https://www.nwhl.zone/roster_players/18800638,F,91299853,2017,NA
19570661,2789544,95,2018-03-27T14:56:39Z,2017-07-19T13:18:39Z,31605157,TRUE,Taylor,Accursi,player,3,active,https://cdn4.sportngin.com/attachments/roster_player_info/9130/0705/Accursi_small.jpg,https://www.nwhl.zone/roster_players/19570661,F,91300705,2017,NA
19571185,2789544,20,2018-03-11T00:15:25Z,2017-07-19T14:13:11Z,31606105,TRUE,Katherine,Donohue,player,3,active,https://cdn4.sportngin.com/attachments/roster_player_info/9129/9981/Doneghue_small.jpg,https://www.nwhl.zone/roster_players/19571185,F,91299981,2017,NA
19571370,2789544,27,2018-03-25T21:10:17Z,2017-07-19T14:23:25Z,31606388,TRUE,Kristin,Lewicki,player,3,active,https://cdn1.sportngin.com/attachments/roster_player_info/9130/0293/Lewicki_small.jpg,https://www.nwhl.zone/roster_players/19571370,F,91300293,2017,NA
19571415,2789544,2,2018-03-19T14:22:06Z,2017-07-19T14:28:50Z,31606473,TRUE,Jordan,Ott,player,3,active,https://cdn1.sportngin.com/attachments/roster_player_info/9129/9078/Ott_small.jpg,https://www.nwhl.zone/roster_players/19571415,F,91299078,2017,NA
19571583,2789544,19,2018-03-25T21:11:50Z,2017-07-19T14:45:06Z,31606895,TRUE,Kaylyn,Schroka,player,3,active,https://cdn2.sportngin.com/attachments/roster_player_info/9129/9929/Sheroka_small.jpg,https://www.nwhl.zone/roster_players/19571583,F,91299929,2017,NA
19571641,2789544,5,2018-03-19T14:22:06Z,2017-07-19T14:49:02Z,31606993,TRUE,Sarah,Shureb,player,3,active,https://cdn4.sportngin.com/attachments/roster_player_info/9129/9235/Shureb_small.jpg,https://www.nwhl.zone/roster_players/19571641,F,91299235,2017,NA
19603153,2789544,34,2018-07-30T16:14:10Z,2017-07-21T16:13:06Z,31653762,TRUE,Julia,DiTondo,player,3,active,https://cdn2.sportngin.com/attachments/roster_player_info/9130/0544/DiTondo_small.jpg,https://www.nwhl.zone/roster_players/19603153,G,91300544,2017,NA
19603238,2789544,4,2018-03-25T20:04:54Z,2017-07-21T16:17:22Z,31653870,TRUE,Colleen,Murphy,player,3,active,https://cdn1.sportngin.com/attachments/roster_player_info/9129/9201/Murphy_small.jpg,https://www.nwhl.zone/roster_players/19603238,D,91299201,2017,NA
19788237,2789544,16,2018-07-30T15:31:16Z,2017-08-03T15:20:01Z,31911577,TRUE,Maddie,Elia,player,3,active,https://cdn1.sportngin.com/attachments/roster_player_info/9129/9914/Elia_small.jpg,https://www.nwhl.zone/roster_players/19788237,F,91299914,2017,NA
20116250,2789544,3,2018-03-25T21:09:20Z,2017-08-18T15:30:33Z,32346941,TRUE,Sarah,Edney,player,3,active,https://cdn4.sportngin.com/attachments/roster_player_info/9129/9130/Edney_small.jpg,https://www.nwhl.zone/roster_players/20116250,D,91299130,2017,NA
20202029,2789544,12,2018-03-25T21:15:13Z,2017-08-22T15:46:47Z,32458166,TRUE,Rebecca,Vint,player,3,active,https://cdn3.sportngin.com/attachments/roster_player_info/9129/9825/Vint_small.jpg,https://www.nwhl.zone/roster_players/20202029,F,91299825,2017,NA
20460260,2789544,32,2018-03-25T21:15:27Z,2017-08-31T16:22:35Z,32790617,TRUE,Jess,Jones,player,3,active,https://cdn1.sportngin.com/attachments/roster_player_info/9130/0535/Jones_small.jpg,https://www.nwhl.zone/roster_players/20460260,F,91300535,2017,NA
22552451,2789544,7,2018-03-17T23:34:10Z,2018-01-11T20:17:48Z,35747998,TRUE,Jordan,Juron,player,2,active,/app_images/no_photo_neutral_30.svg,https://www.nwhl.zone/roster_players/22552451,F,NA,2017,NA
